state_clean,year,tfr_total,source
Andaman & Nicobar Islands,1991,2.5,SRS
Andaman & Nicobar Islands,1992,2.6,SRS
Andaman & Nicobar Islands,1993,2.5,SRS
Andaman & Nicobar Islands,1994,2.3,SRS
Andaman & Nicobar Islands,1995,1.9,SRS
Andaman & Nicobar Islands,1996,1.9,SRS
Andaman & Nicobar Islands,1997,1.8,SRS
Andaman & Nicobar Islands,1998,1.8,SRS
Andaman & Nicobar Islands,1999,1.8,SRS
Andaman & Nicobar Islands,2000,1.8,SRS
Andaman & Nicobar Islands,2001,1.7,SRS
Andaman & Nicobar Islands,2002,1.6,SRS
Andaman & Nicobar Islands,2003,1.6,SRS
Andaman & Nicobar Islands,2004,1.6,SRS
Andaman & Nicobar Islands,2005,1.6,SRS
Andaman & Nicobar Islands,2006,1.5,SRS
Andaman & Nicobar Islands,2007,1.6,SRS
Andaman & Nicobar Islands,2008,1.6,SRS
Andaman & Nicobar Islands,2009,1.6,SRS
Andaman & Nicobar Islands,2010,1.6,SRS
Andaman & Nicobar Islands,2011,1.5,SRS
Andaman & Nicobar Islands,2012,1.5,SRS
Andhra Pradesh,1972,4.5,SRS
Andhra Pradesh,1973,4.5,SRS
Andhra Pradesh,1974,4.5,SRS
Andhra Pradesh,1975,4.5,SRS
Andhra Pradesh,1976,4.4,SRS
Andhra Pradesh,1977,4.3,SRS
Andhra Pradesh,1978,4.2,SRS
Andhra Pradesh,1979,4.1,SRS
Andhra Pradesh,1980,3.9,SRS
Andhra Pradesh,1981,3.9,SRS
Andhra Pradesh,1982,3.9,SRS
Andhra Pradesh,1983,3.9,SRS
Andhra Pradesh,1984,3.9,SRS
Andhra Pradesh,1985,3.8,SRS
Andhra Pradesh,1986,3.7,SRS
Andhra Pradesh,1987,3.6,SRS
Andhra Pradesh,1988,3.3,SRS
Andhra Pradesh,1989,3.2,SRS
Andhra Pradesh,1990,3.1,SRS
Andhra Pradesh,1991,3,SRS
Andhra Pradesh,1992,2.8,SRS
Andhra Pradesh,1993,2.7,SRS
Andhra Pradesh,1994,2.7,SRS
Andhra Pradesh,1995,2.6,SRS
Andhra Pradesh,1996,2.6,SRS
Andhra Pradesh,1997,2.5,SRS
Andhra Pradesh,1998,2.4,SRS
Andhra Pradesh,1999,2.4,SRS
Andhra Pradesh,2000,2.4,SRS
Andhra Pradesh,2001,2.3,SRS
Andhra Pradesh,2002,2.2,SRS
Andhra Pradesh,2003,2.2,SRS
Andhra Pradesh,2004,2.1,SRS
Andhra Pradesh,2005,2,SRS
Andhra Pradesh,2006,2,SRS
Andhra Pradesh,2007,1.9,SRS
Andhra Pradesh,2008,1.9,SRS
Andhra Pradesh,2009,1.8,SRS
Andhra Pradesh,2010,1.8,SRS
Andhra Pradesh,2011,1.8,SRS
Andhra Pradesh,2012,1.8,SRS
Andhra Pradesh,2013,1.8,SRS
Andhra Pradesh,2014,1.8,SRS
Andhra Pradesh,2015,1.7,SRS
Andhra Pradesh,2016,1.7,SRS
Andhra Pradesh,2017,1.6,SRS
Andhra Pradesh,2018,1.6,SRS
Andhra Pradesh,2019,1.5,SRS
Andhra Pradesh,2020,1.5,SRS
Andhra Pradesh,2021,1.5,SRS
Andhra Pradesh,2022,1.6,SRS
Andhra Pradesh,2023,1.5,SRS
Arunachal Pradesh,1991,4.1,SRS
Arunachal Pradesh,1992,3.9,SRS
Arunachal Pradesh,1993,3.8,SRS
Arunachal Pradesh,1994,3.4,SRS
Arunachal Pradesh,1995,3.1,SRS
Arunachal Pradesh,1996,2.8,SRS
Arunachal Pradesh,1997,2.8,SRS
Arunachal Pradesh,1998,2.7,SRS
Arunachal Pradesh,1999,2.8,SRS
Arunachal Pradesh,2000,2.7,SRS
Arunachal Pradesh,2001,2.6,SRS
Arunachal Pradesh,2002,2.4,SRS
Arunachal Pradesh,2003,2.3,SRS
Arunachal Pradesh,2004,2.5,SRS
Arunachal Pradesh,2005,2.7,SRS
Arunachal Pradesh,2006,2.7,SRS
Arunachal Pradesh,2007,2.6,SRS
Arunachal Pradesh,2008,2.5,SRS
Arunachal Pradesh,2009,2.4,SRS
Arunachal Pradesh,2010,2.3,SRS
Arunachal Pradesh,2011,2.1,SRS
Arunachal Pradesh,2012,2,SRS
Assam,1972,5.2,SRS
Assam,1973,4.8,SRS
Assam,1974,4.5,SRS
Assam,1975,4.4,SRS
Assam,1976,4.2,SRS
Assam,1977,4.2,SRS
Assam,1978,4.1,SRS
Assam,1979,4.1,SRS
Assam,1980,4.1,SRS
Assam,1981,4.1,SRS
Assam,1982,4.2,SRS
Assam,1983,4.2,SRS
Assam,1984,4.2,SRS
Assam,1985,4.1,SRS
Assam,1986,4,SRS
Assam,1987,3.9,SRS
Assam,1988,3.7,SRS
Assam,1989,3.5,SRS
Assam,1990,3.4,SRS
Assam,1991,3.4,SRS
Assam,1992,3.4,SRS
Assam,1993,3.5,SRS
Assam,1994,3.5,SRS
Assam,1995,3.5,SRS
Assam,1996,3.3,SRS
Assam,1997,3.2,SRS
Assam,1998,3.2,SRS
Assam,1999,3.2,SRS
Assam,2000,3.1,SRS
Assam,2001,3,SRS
Assam,2002,3,SRS
Assam,2003,2.9,SRS
Assam,2004,2.9,SRS
Assam,2005,2.8,SRS
Assam,2006,2.8,SRS
Assam,2007,2.7,SRS
Assam,2008,2.6,SRS
Assam,2009,2.6,SRS
Assam,2010,2.5,SRS
Assam,2011,2.4,SRS
Assam,2012,2.4,SRS
Assam,2013,2.3,SRS
Assam,2014,2.3,SRS
Assam,2015,2.3,SRS
Assam,2016,2.3,SRS
Assam,2017,2.3,SRS
Assam,2018,2.2,SRS
Assam,2019,2.2,SRS
Assam,2020,2.1,SRS
Assam,2021,2.1,SRS
Assam,2022,2.1,SRS
Assam,2023,2,SRS
Bihar,1982,5.6,SRS
Bihar,1983,5.7,SRS
Bihar,1984,5.6,SRS
Bihar,1985,5.5,SRS
Bihar,1986,5.3,SRS
Bihar,1987,5.3,SRS
Bihar,1988,5.3,SRS
Bihar,1989,5.1,SRS
Bihar,1990,4.8,SRS
Bihar,1991,4.6,SRS
Bihar,1992,4.5,SRS
Bihar,1993,4.6,SRS
Bihar,1994,4.6,SRS
Bihar,1995,4.5,SRS
Bihar,1996,4.5,SRS
Bihar,1997,4.4,SRS
Bihar,1998,4.4,SRS
Bihar,1999,4.5,SRS
Bihar,2000,4.5,SRS
Bihar,2001,4.4,SRS
Bihar,2002,4.3,SRS
Bihar,2003,4.3,SRS
Bihar,2004,4.3,SRS
Bihar,2005,4.3,SRS
Bihar,2006,4.1,SRS
Bihar,2007,4,SRS
Bihar,2008,3.9,SRS
Bihar,2009,3.8,SRS
Bihar,2010,3.7,SRS
Bihar,2011,3.6,SRS
Bihar,2012,3.5,SRS
Bihar,2013,3.4,SRS
Bihar,2014,3.2,SRS
Bihar,2015,3.2,SRS
Bihar,2016,3.3,SRS
Bihar,2017,3.2,SRS
Bihar,2018,3.2,SRS
Bihar,2019,3.1,SRS
Bihar,2020,3,SRS
Bihar,2021,3,SRS
Bihar,2022,3,SRS
Bihar,2023,2.8,SRS
Chandigarh,1991,1.5,SRS
Chandigarh,1992,1.2,SRS
Chandigarh,1993,1.5,SRS
Chandigarh,1994,1.8,SRS
Chandigarh,1995,2.2,SRS
Chandigarh,1996,2.1,SRS
Chandigarh,1997,2.1,SRS
Chandigarh,1998,2.1,SRS
Chandigarh,1999,2.1,SRS
Chandigarh,2000,2,SRS
Chandigarh,2001,1.8,SRS
Chandigarh,2002,1.7,SRS
Chandigarh,2003,1.7,SRS
Chandigarh,2004,1.8,SRS
Chandigarh,2005,1.8,SRS
Chandigarh,2006,1.8,SRS
Chandigarh,2007,1.8,SRS
Chandigarh,2008,1.8,SRS
Chandigarh,2009,1.7,SRS
Chandigarh,2010,1.6,SRS
Chandigarh,2011,1.6,SRS
Chandigarh,2012,1.6,SRS
Chhattisgarh,2005,3.3,SRS
Chhattisgarh,2006,3.3,SRS
Chhattisgarh,2007,3.1,SRS
Chhattisgarh,2008,3,SRS
Chhattisgarh,2009,2.9,SRS
Chhattisgarh,2010,2.8,SRS
Chhattisgarh,2011,2.7,SRS
Chhattisgarh,2012,2.7,SRS
Chhattisgarh,2013,2.6,SRS
Chhattisgarh,2014,2.6,SRS
Chhattisgarh,2015,2.5,SRS
Chhattisgarh,2016,2.5,SRS
Chhattisgarh,2017,2.4,SRS
Chhattisgarh,2018,2.4,SRS
Chhattisgarh,2019,2.3,SRS
Chhattisgarh,2020,2.2,SRS
Chhattisgarh,2021,2.2,SRS
Chhattisgarh,2022,2.3,SRS
Chhattisgarh,2023,2.2,SRS
Dadra & Nagar Haveli and Daman & Diu,1991,3.7,SRS
Dadra & Nagar Haveli and Daman & Diu,1992,4.3,SRS
Dadra & Nagar Haveli and Daman & Diu,1993,4.2,SRS
Dadra & Nagar Haveli and Daman & Diu,1994,5,SRS
Dadra & Nagar Haveli and Daman & Diu,1994,3.4,SRS
Dadra & Nagar Haveli and Daman & Diu,1995,3.7,SRS
Dadra & Nagar Haveli and Daman & Diu,1995,2.5,SRS
Dadra & Nagar Haveli and Daman & Diu,1996,3.5,SRS
Dadra & Nagar Haveli and Daman & Diu,1996,2.5,SRS
Dadra & Nagar Haveli and Daman & Diu,1997,3.7,SRS
Dadra & Nagar Haveli and Daman & Diu,1997,2.4,SRS
Dadra & Nagar Haveli and Daman & Diu,1998,4,SRS
Dadra & Nagar Haveli and Daman & Diu,1998,2.6,SRS
Dadra & Nagar Haveli and Daman & Diu,1999,4.3,SRS
Dadra & Nagar Haveli and Daman & Diu,1999,2.5,SRS
Dadra & Nagar Haveli and Daman & Diu,2000,4.1,SRS
Dadra & Nagar Haveli and Daman & Diu,2000,2.5,SRS
Dadra & Nagar Haveli and Daman & Diu,2001,3.9,SRS
Dadra & Nagar Haveli and Daman & Diu,2001,2.3,SRS
Dadra & Nagar Haveli and Daman & Diu,2002,3.7,SRS
Dadra & Nagar Haveli and Daman & Diu,2002,2.3,SRS
Dadra & Nagar Haveli and Daman & Diu,2003,3.6,SRS
Dadra & Nagar Haveli and Daman & Diu,2003,2.2,SRS
Dadra & Nagar Haveli and Daman & Diu,2004,3.5,SRS
Dadra & Nagar Haveli and Daman & Diu,2004,2.1,SRS
Dadra & Nagar Haveli and Daman & Diu,2005,3.4,SRS
Dadra & Nagar Haveli and Daman & Diu,2005,2,SRS
Dadra & Nagar Haveli and Daman & Diu,2006,3.3,SRS
Dadra & Nagar Haveli and Daman & Diu,2006,1.9,SRS
Dadra & Nagar Haveli and Daman & Diu,2007,3.2,SRS
Dadra & Nagar Haveli and Daman & Diu,2007,1.9,SRS
Dadra & Nagar Haveli and Daman & Diu,2008,3.1,SRS
Dadra & Nagar Haveli and Daman & Diu,2008,1.9,SRS
Dadra & Nagar Haveli and Daman & Diu,2009,3,SRS
Dadra & Nagar Haveli and Daman & Diu,2009,2,SRS
Dadra & Nagar Haveli and Daman & Diu,2010,2.9,SRS
Dadra & Nagar Haveli and Daman & Diu,2010,2,SRS
Dadra & Nagar Haveli and Daman & Diu,2011,2.8,SRS
Dadra & Nagar Haveli and Daman & Diu,2011,2,SRS
Dadra & Nagar Haveli and Daman & Diu,2012,2.8,SRS
Dadra & Nagar Haveli and Daman & Diu,2012,2,SRS
Delhi,2003,2.1,SRS
Delhi,2004,2.1,SRS
Delhi,2005,2.1,SRS
Delhi,2006,2.1,SRS
Delhi,2007,2,SRS
Delhi,2008,2,SRS
Delhi,2009,1.9,SRS
Delhi,2010,1.9,SRS
Delhi,2011,1.8,SRS
Delhi,2012,1.8,SRS
Delhi,2013,1.7,SRS
Delhi,2014,1.7,SRS
Delhi,2015,1.7,SRS
Delhi,2016,1.6,SRS
Delhi,2017,1.5,SRS
Delhi,2018,1.5,SRS
Delhi,2019,1.5,SRS
Delhi,2020,1.4,SRS
Delhi,2021,1.4,SRS
Delhi,2022,1.3,SRS
Delhi,2023,1.2,SRS
Goa,1991,1.6,SRS
Goa,1992,1.4,SRS
Goa,1993,1.4,SRS
Goa,1994,1.4,SRS
Goa,1995,1.5,SRS
Goa,1996,1.5,SRS
Goa,1997,1.4,SRS
Goa,1998,1.4,SRS
Goa,1999,1.4,SRS
Goa,2000,1.4,SRS
Goa,2001,1.4,SRS
Goa,2002,1.4,SRS
Goa,2003,1.4,SRS
Goa,2004,1.5,SRS
Goa,2005,1.6,SRS
Goa,2006,1.6,SRS
Goa,2007,1.5,SRS
Goa,2008,1.5,SRS
Goa,2009,1.5,SRS
Goa,2010,1.4,SRS
Goa,2011,1.4,SRS
Goa,2012,1.4,SRS
Gujarat,1972,5.4,SRS
Gujarat,1973,5.3,SRS
Gujarat,1974,5.1,SRS
Gujarat,1975,5.2,SRS
Gujarat,1976,5,SRS
Gujarat,1977,4.9,SRS
Gujarat,1978,4.7,SRS
Gujarat,1979,4.7,SRS
Gujarat,1980,4.5,SRS
Gujarat,1981,4.4,SRS
Gujarat,1982,4.2,SRS
Gujarat,1983,4.1,SRS
Gujarat,1984,4,SRS
Gujarat,1985,3.9,SRS
Gujarat,1986,3.8,SRS
Gujarat,1987,3.6,SRS
Gujarat,1988,3.5,SRS
Gujarat,1989,3.5,SRS
Gujarat,1990,3.4,SRS
Gujarat,1991,3.2,SRS
Gujarat,1992,3.2,SRS
Gujarat,1993,3.2,SRS
Gujarat,1994,3.2,SRS
Gujarat,1995,3.1,SRS
Gujarat,1996,3.1,SRS
Gujarat,1997,3,SRS
Gujarat,1998,3,SRS
Gujarat,1999,3,SRS
Gujarat,2000,2.9,SRS
Gujarat,2001,2.9,SRS
Gujarat,2002,2.8,SRS
Gujarat,2003,2.8,SRS
Gujarat,2004,2.8,SRS
Gujarat,2005,2.8,SRS
Gujarat,2006,2.7,SRS
Gujarat,2007,2.6,SRS
Gujarat,2008,2.5,SRS
Gujarat,2009,2.5,SRS
Gujarat,2010,2.5,SRS
Gujarat,2011,2.4,SRS
Gujarat,2012,2.3,SRS
Gujarat,2013,2.3,SRS
Gujarat,2014,2.3,SRS
Gujarat,2015,2.2,SRS
Gujarat,2016,2.2,SRS
Gujarat,2017,2.2,SRS
Gujarat,2018,2.1,SRS
Gujarat,2019,2.1,SRS
Gujarat,2020,2,SRS
Gujarat,2021,2,SRS
Gujarat,2022,1.9,SRS
Gujarat,2023,1.8,SRS
Haryana,1972,6.6,SRS
Haryana,1973,6.4,SRS
Haryana,1974,6.1,SRS
Haryana,1975,5.7,SRS
Haryana,1976,5.3,SRS
Haryana,1977,4.9,SRS
Haryana,1978,4.9,SRS
Haryana,1979,5,SRS
Haryana,1980,5.1,SRS
Haryana,1981,5,SRS
Haryana,1982,4.9,SRS
Haryana,1983,4.9,SRS
Haryana,1984,4.8,SRS
Haryana,1985,4.7,SRS
Haryana,1986,4.4,SRS
Haryana,1987,4.3,SRS
Haryana,1988,4.3,SRS
Haryana,1989,4.1,SRS
Haryana,1990,4.1,SRS
Haryana,1991,3.9,SRS
Haryana,1992,3.8,SRS
Haryana,1993,3.7,SRS
Haryana,1994,3.7,SRS
Haryana,1995,3.6,SRS
Haryana,1996,3.5,SRS
Haryana,1997,3.4,SRS
Haryana,1998,3.3,SRS
Haryana,1999,3.2,SRS
Haryana,2000,3.1,SRS
Haryana,2001,3.1,SRS
Haryana,2002,3.1,SRS
Haryana,2003,3,SRS
Haryana,2004,2.9,SRS
Haryana,2005,2.8,SRS
Haryana,2006,2.7,SRS
Haryana,2007,2.6,SRS
Haryana,2008,2.5,SRS
Haryana,2009,2.4,SRS
Haryana,2010,2.4,SRS
Haryana,2011,2.3,SRS
Haryana,2012,2.3,SRS
Haryana,2013,2.2,SRS
Haryana,2014,2.3,SRS
Haryana,2015,2.2,SRS
Haryana,2016,2.3,SRS
Haryana,2017,2.2,SRS
Haryana,2018,2.2,SRS
Haryana,2019,2.1,SRS
Haryana,2020,2,SRS
Haryana,2021,2,SRS
Haryana,2022,2,SRS
Haryana,2023,1.9,SRS
Himachal Pradesh,1991,3,SRS
Himachal Pradesh,1992,2.9,SRS
Himachal Pradesh,1993,2.8,SRS
Himachal Pradesh,1994,2.8,SRS
Himachal Pradesh,1995,2.7,SRS
Himachal Pradesh,1996,2.5,SRS
Himachal Pradesh,1997,2.4,SRS
Himachal Pradesh,1998,2.4,SRS
Himachal Pradesh,1999,2.4,SRS
Himachal Pradesh,2000,2.3,SRS
Himachal Pradesh,2001,2.2,SRS
Himachal Pradesh,2002,2.1,SRS
Himachal Pradesh,2003,2.1,SRS
Himachal Pradesh,2004,2.1,SRS
Himachal Pradesh,2005,2.1,SRS
Himachal Pradesh,2006,2,SRS
Himachal Pradesh,2007,2,SRS
Himachal Pradesh,2008,1.9,SRS
Himachal Pradesh,2009,1.9,SRS
Himachal Pradesh,2010,1.8,SRS
Himachal Pradesh,2011,1.8,SRS
Himachal Pradesh,2012,1.7,SRS
Himachal Pradesh,2013,1.7,SRS
Himachal Pradesh,2014,1.7,SRS
Himachal Pradesh,2015,1.7,SRS
Himachal Pradesh,2016,1.7,SRS
Himachal Pradesh,2017,1.6,SRS
Himachal Pradesh,2018,1.6,SRS
Himachal Pradesh,2019,1.6,SRS
Himachal Pradesh,2020,1.5,SRS
Himachal Pradesh,2021,1.6,SRS
Himachal Pradesh,2022,1.5,SRS
Himachal Pradesh,2023,1.6,SRS
India,1971,5.2,SRS
India,1972,5.2,SRS
India,1973,4.9,SRS
India,1974,4.9,SRS
India,1975,4.9,SRS
India,1976,4.7,SRS
India,1977,4.5,SRS
India,1978,4.5,SRS
India,1979,4.4,SRS
India,1980,4.4,SRS
India,1981,4.5,SRS
India,1982,4.5,SRS
India,1983,4.5,SRS
India,1984,4.5,SRS
India,1985,4.3,SRS
India,1986,4.2,SRS
India,1987,4.1,SRS
India,1988,4,SRS
India,1989,3.9,SRS
India,1990,3.8,SRS
India,1991,3.6,SRS
India,1992,3.6,SRS
India,1993,3.5,SRS
India,1994,3.5,SRS
India,1995,3.5,SRS
India,1996,3.4,SRS
India,1997,3.3,SRS
India,1998,3.2,SRS
India,1999,3.2,SRS
India,2000,3.2,SRS
India,2001,3.1,SRS
India,2002,3,SRS
India,2003,3,SRS
India,2004,2.9,SRS
India,2005,2.9,SRS
India,2006,2.8,SRS
India,2007,2.7,SRS
India,2008,2.6,SRS
India,2009,2.6,SRS
India,2010,2.5,SRS
India,2011,2.4,SRS
India,2012,2.4,SRS
India,2013,2.3,SRS
India,2014,2.3,SRS
India,2015,2.3,SRS
India,2016,2.3,SRS
India,2017,2.2,SRS
India,2018,2.2,SRS
India,2019,2.1,SRS
India,2020,2,SRS
India,2021,2,SRS
India,2022,2,SRS
India,2023,1.9,SRS
Jammu & Kashmir,2005,2.4,SRS
Jammu & Kashmir,2006,2.3,SRS
Jammu & Kashmir,2007,2.2,SRS
Jammu & Kashmir,2008,2.2,SRS
Jammu & Kashmir,2009,2.1,SRS
Jammu & Kashmir,2010,2,SRS
Jammu & Kashmir,2011,1.9,SRS
Jammu & Kashmir,2012,1.9,SRS
Jammu & Kashmir,2013,1.9,SRS
Jammu & Kashmir,2014,1.7,SRS
Jammu & Kashmir,2015,1.6,SRS
Jammu & Kashmir,2016,1.7,SRS
Jammu & Kashmir,2017,1.6,SRS
Jammu & Kashmir,2018,1.6,SRS
Jammu & Kashmir,2019,1.5,SRS
Jammu & Kashmir,2020,1.5,SRS
Jammu & Kashmir,2021,1.5,SRS
Jammu & Kashmir,2022,1.6,SRS
Jammu & Kashmir,2023,1.5,SRS
Jharkhand,2005,3.5,SRS
Jharkhand,2013,2.7,SRS
Jharkhand,2014,2.8,SRS
Jharkhand,2015,2.7,SRS
Jharkhand,2016,2.6,SRS
Jharkhand,2017,2.5,SRS
Jharkhand,2018,2.5,SRS
Jharkhand,2019,2.4,SRS
Jharkhand,2020,2.4,SRS
Jharkhand,2021,2.3,SRS
Jharkhand,2022,2.2,SRS
Jharkhand,2023,2.1,SRS
Karnataka,1972,4.2,SRS
Karnataka,1973,4,SRS
Karnataka,1974,3.8,SRS
Karnataka,1975,3.7,SRS
Karnataka,1976,3.7,SRS
Karnataka,1977,3.7,SRS
Karnataka,1978,3.7,SRS
Karnataka,1979,3.6,SRS
Karnataka,1980,3.6,SRS
Karnataka,1981,3.6,SRS
Karnataka,1982,3.6,SRS
Karnataka,1983,3.7,SRS
Karnataka,1984,3.7,SRS
Karnataka,1985,3.6,SRS
Karnataka,1986,3.5,SRS
Karnataka,1987,3.4,SRS
Karnataka,1988,3.4,SRS
Karnataka,1989,3.3,SRS
Karnataka,1990,3.2,SRS
Karnataka,1991,3.1,SRS
Karnataka,1992,3,SRS
Karnataka,1993,2.9,SRS
Karnataka,1994,2.8,SRS
Karnataka,1995,2.7,SRS
Karnataka,1996,2.6,SRS
Karnataka,1997,2.5,SRS
Karnataka,1998,2.5,SRS
Karnataka,1999,2.4,SRS
Karnataka,2000,2.4,SRS
Karnataka,2001,2.4,SRS
Karnataka,2002,2.4,SRS
Karnataka,2003,2.3,SRS
Karnataka,2004,2.3,SRS
Karnataka,2005,2.2,SRS
Karnataka,2006,2.1,SRS
Karnataka,2007,2.1,SRS
Karnataka,2008,2,SRS
Karnataka,2009,2,SRS
Karnataka,2010,2,SRS
Karnataka,2011,1.9,SRS
Karnataka,2012,1.9,SRS
Karnataka,2013,1.9,SRS
Karnataka,2014,1.8,SRS
Karnataka,2015,1.8,SRS
Karnataka,2016,1.8,SRS
Karnataka,2017,1.7,SRS
Karnataka,2018,1.7,SRS
Karnataka,2019,1.7,SRS
Karnataka,2020,1.6,SRS
Karnataka,2021,1.6,SRS
Karnataka,2022,1.6,SRS
Karnataka,2023,1.5,SRS
Kerala,1972,4,SRS
Kerala,1973,3.7,SRS
Kerala,1974,3.5,SRS
Kerala,1975,3.4,SRS
Kerala,1976,3.3,SRS
Kerala,1977,3.1,SRS
Kerala,1978,3,SRS
Kerala,1979,3,SRS
Kerala,1980,2.9,SRS
Kerala,1981,2.9,SRS
Kerala,1982,2.8,SRS
Kerala,1983,2.6,SRS
Kerala,1984,2.5,SRS
Kerala,1985,2.4,SRS
Kerala,1986,2.3,SRS
Kerala,1987,2.2,SRS
Kerala,1988,2.1,SRS
Kerala,1989,2,SRS
Kerala,1990,1.9,SRS
Kerala,1991,1.8,SRS
Kerala,1992,1.7,SRS
Kerala,1993,1.7,SRS
Kerala,1994,1.7,SRS
Kerala,1995,1.8,SRS
Kerala,1996,1.8,SRS
Kerala,1997,1.8,SRS
Kerala,1998,1.8,SRS
Kerala,1999,1.8,SRS
Kerala,2000,1.8,SRS
Kerala,2001,1.8,SRS
Kerala,2002,1.8,SRS
Kerala,2003,1.8,SRS
Kerala,2004,1.7,SRS
Kerala,2005,1.7,SRS
Kerala,2006,1.7,SRS
Kerala,2007,1.7,SRS
Kerala,2008,1.7,SRS
Kerala,2009,1.7,SRS
Kerala,2010,1.8,SRS
Kerala,2011,1.8,SRS
Kerala,2012,1.8,SRS
Kerala,2013,1.8,SRS
Kerala,2014,1.9,SRS
Kerala,2015,1.8,SRS
Kerala,2016,1.8,SRS
Kerala,2017,1.7,SRS
Kerala,2018,1.7,SRS
Kerala,2019,1.6,SRS
Kerala,2020,1.5,SRS
Kerala,2021,1.5,SRS
Kerala,2022,1.5,SRS
Kerala,2023,1.5,SRS
Lakshadweep,1991,3.9,SRS
Lakshadweep,1992,5.4,SRS
Lakshadweep,1993,5.5,SRS
Lakshadweep,1994,4.6,SRS
Lakshadweep,1995,2.9,SRS
Lakshadweep,1996,2.8,SRS
Lakshadweep,1997,2.6,SRS
Lakshadweep,1998,2.7,SRS
Lakshadweep,1999,2.8,SRS
Lakshadweep,2000,2.8,SRS
Lakshadweep,2001,2.5,SRS
Lakshadweep,2002,2.3,SRS
Lakshadweep,2003,2.2,SRS
Lakshadweep,2004,2.2,SRS
Lakshadweep,2005,2.2,SRS
Lakshadweep,2006,2.1,SRS
Lakshadweep,2007,1.9,SRS
Lakshadweep,2008,1.8,SRS
Lakshadweep,2009,1.6,SRS
Lakshadweep,2010,1.6,SRS
Lakshadweep,2011,1.6,SRS
Lakshadweep,2012,1.6,SRS
Madhya Pradesh,1972,5.7,SRS
Madhya Pradesh,1973,5.6,SRS
Madhya Pradesh,1974,5.6,SRS
Madhya Pradesh,1975,5.7,SRS
Madhya Pradesh,1976,5.8,SRS
Madhya Pradesh,1977,5.5,SRS
Madhya Pradesh,1978,5.4,SRS
Madhya Pradesh,1979,5.3,SRS
Madhya Pradesh,1980,5.3,SRS
Madhya Pradesh,1981,5.2,SRS
Madhya Pradesh,1982,5.2,SRS
Madhya Pradesh,1983,5.2,SRS
Madhya Pradesh,1984,5,SRS
Madhya Pradesh,1985,4.9,SRS
Madhya Pradesh,1986,4.7,SRS
Madhya Pradesh,1987,4.8,SRS
Madhya Pradesh,1988,4.7,SRS
Madhya Pradesh,1989,4.7,SRS
Madhya Pradesh,1990,4.7,SRS
Madhya Pradesh,1991,4.6,SRS
Madhya Pradesh,1992,4.4,SRS
Madhya Pradesh,1993,4.3,SRS
Madhya Pradesh,1994,4.2,SRS
Madhya Pradesh,1995,4.2,SRS
Madhya Pradesh,1996,4.1,SRS
Madhya Pradesh,1997,4,SRS
Madhya Pradesh,1998,3.9,SRS
Madhya Pradesh,1999,3.9,SRS
Madhya Pradesh,2000,3.9,SRS
Madhya Pradesh,2001,3.9,SRS
Madhya Pradesh,2002,3.8,SRS
Madhya Pradesh,2003,3.8,SRS
Madhya Pradesh,2004,3.7,SRS
Madhya Pradesh,2005,3.6,SRS
Madhya Pradesh,2006,3.5,SRS
Madhya Pradesh,2007,3.4,SRS
Madhya Pradesh,2008,3.3,SRS
Madhya Pradesh,2009,3.3,SRS
Madhya Pradesh,2010,3.2,SRS
Madhya Pradesh,2011,3.1,SRS
Madhya Pradesh,2012,3,SRS
Madhya Pradesh,2013,2.9,SRS
Madhya Pradesh,2014,2.8,SRS
Madhya Pradesh,2015,2.8,SRS
Madhya Pradesh,2016,2.8,SRS
Madhya Pradesh,2017,2.7,SRS
Madhya Pradesh,2018,2.7,SRS
Madhya Pradesh,2019,2.7,SRS
Madhya Pradesh,2020,2.6,SRS
Madhya Pradesh,2021,2.6,SRS
Madhya Pradesh,2022,2.5,SRS
Madhya Pradesh,2023,2.4,SRS
Maharashtra,1972,4.3,SRS
Maharashtra,1973,4.2,SRS
Maharashtra,1974,4.1,SRS
Maharashtra,1975,4.1,SRS
Maharashtra,1976,3.9,SRS
Maharashtra,1977,3.6,SRS
Maharashtra,1978,3.5,SRS
Maharashtra,1979,3.6,SRS
Maharashtra,1980,3.6,SRS
Maharashtra,1981,3.7,SRS
Maharashtra,1982,3.7,SRS
Maharashtra,1983,3.8,SRS
Maharashtra,1984,3.7,SRS
Maharashtra,1985,3.6,SRS
Maharashtra,1986,3.5,SRS
Maharashtra,1987,3.5,SRS
Maharashtra,1988,3.5,SRS
Maharashtra,1989,3.4,SRS
Maharashtra,1990,3.2,SRS
Maharashtra,1991,3,SRS
Maharashtra,1992,2.9,SRS
Maharashtra,1993,2.9,SRS
Maharashtra,1994,2.9,SRS
Maharashtra,1995,2.9,SRS
Maharashtra,1996,2.8,SRS
Maharashtra,1997,2.7,SRS
Maharashtra,1998,2.6,SRS
Maharashtra,1999,2.6,SRS
Maharashtra,2000,2.5,SRS
Maharashtra,2001,2.4,SRS
Maharashtra,2002,2.3,SRS
Maharashtra,2003,2.3,SRS
Maharashtra,2004,2.2,SRS
Maharashtra,2005,2.2,SRS
Maharashtra,2006,2.1,SRS
Maharashtra,2007,2,SRS
Maharashtra,2008,2,SRS
Maharashtra,2009,1.9,SRS
Maharashtra,2010,1.9,SRS
Maharashtra,2011,1.8,SRS
Maharashtra,2012,1.8,SRS
Maharashtra,2013,1.8,SRS
Maharashtra,2014,1.8,SRS
Maharashtra,2015,1.8,SRS
Maharashtra,2016,1.8,SRS
Maharashtra,2017,1.7,SRS
Maharashtra,2018,1.7,SRS
Maharashtra,2019,1.6,SRS
Maharashtra,2020,1.5,SRS
Maharashtra,2021,1.5,SRS
Maharashtra,2022,1.5,SRS
Maharashtra,2023,1.4,SRS
Manipur,1991,2.5,SRS
Manipur,1992,2.2,SRS
Manipur,1993,2.3,SRS
Manipur,1994,2.4,SRS
Manipur,1995,2.6,SRS
Manipur,1996,2.4,SRS
Manipur,1997,2.3,SRS
Manipur,1998,2.3,SRS
Manipur,1999,2.2,SRS
Manipur,2000,2.1,SRS
Manipur,2001,2,SRS
Manipur,2002,1.9,SRS
Manipur,2003,1.7,SRS
Manipur,2004,1.7,SRS
Manipur,2005,1.6,SRS
Manipur,2006,1.6,SRS
Manipur,2007,1.6,SRS
Manipur,2008,1.7,SRS
Manipur,2009,1.6,SRS
Manipur,2010,1.6,SRS
Manipur,2011,1.5,SRS
Manipur,2012,1.5,SRS
Meghalaya,1991,4.1,SRS
Meghalaya,1992,3.9,SRS
Meghalaya,1993,3.8,SRS
Meghalaya,1994,3.8,SRS
Meghalaya,1995,4,SRS
Meghalaya,1996,4,SRS
Meghalaya,1997,4,SRS
Meghalaya,1998,3.9,SRS
Meghalaya,1999,3.8,SRS
Meghalaya,2000,3.8,SRS
Meghalaya,2001,3.6,SRS
Meghalaya,2002,3.4,SRS
Meghalaya,2003,3.2,SRS
Meghalaya,2004,3.2,SRS
Meghalaya,2005,3.2,SRS
Meghalaya,2006,3.1,SRS
Meghalaya,2007,3.1,SRS
Meghalaya,2008,3,SRS
Meghalaya,2009,3,SRS
Meghalaya,2010,2.9,SRS
Meghalaya,2011,2.8,SRS
Meghalaya,2012,2.7,SRS
Mizoram,1997,1.7,SRS
Mizoram,1998,1.7,SRS
Mizoram,1999,1.7,SRS
Mizoram,2000,1.7,SRS
Mizoram,2001,1.7,SRS
Mizoram,2002,1.7,SRS
Mizoram,2003,1.8,SRS
Mizoram,2004,2,SRS
Mizoram,2005,2.1,SRS
Mizoram,2006,2,SRS
Mizoram,2007,1.9,SRS
Mizoram,2008,1.8,SRS
Mizoram,2009,1.8,SRS
Mizoram,2010,1.7,SRS
Mizoram,2011,1.6,SRS
Mizoram,2012,1.6,SRS
Nagaland,1991,2.3,SRS
Nagaland,1992,2.3,SRS
Nagaland,2003,1.4,SRS
Nagaland,2004,1.7,SRS
Nagaland,2005,1.9,SRS
Nagaland,2006,2,SRS
Nagaland,2007,2,SRS
Nagaland,2008,1.9,SRS
Nagaland,2009,1.8,SRS
Nagaland,2010,1.8,SRS
Nagaland,2011,1.7,SRS
Nagaland,2012,1.6,SRS
Odisha,1972,4.7,SRS
Odisha,1973,4.7,SRS
Odisha,1974,4.7,SRS
Odisha,1975,4.7,SRS
Odisha,1976,4.4,SRS
Odisha,1977,4.4,SRS
Odisha,1978,4.2,SRS
Odisha,1979,4.2,SRS
Odisha,1980,4.2,SRS
Odisha,1981,4.2,SRS
Odisha,1982,4.4,SRS
Odisha,1983,4.4,SRS
Odisha,1984,4.2,SRS
Odisha,1985,4.1,SRS
Odisha,1986,3.9,SRS
Odisha,1987,3.9,SRS
Odisha,1988,3.7,SRS
Odisha,1989,3.6,SRS
Odisha,1990,3.5,SRS
Odisha,1991,3.3,SRS
Odisha,1992,3.2,SRS
Odisha,1993,3.2,SRS
Odisha,1994,3.2,SRS
Odisha,1995,3.2,SRS
Odisha,1996,3.1,SRS
Odisha,1997,3,SRS
Odisha,1998,2.9,SRS
Odisha,1999,2.8,SRS
Odisha,2000,2.7,SRS
Odisha,2001,2.7,SRS
Odisha,2002,2.6,SRS
Odisha,2003,2.6,SRS
Odisha,2004,2.6,SRS
Odisha,2005,2.6,SRS
Odisha,2006,2.5,SRS
Odisha,2007,2.4,SRS
Odisha,2008,2.4,SRS
Odisha,2009,2.4,SRS
Odisha,2010,2.3,SRS
Odisha,2011,2.2,SRS
Odisha,2012,2.1,SRS
Odisha,2013,2.1,SRS
Odisha,2014,2.1,SRS
Odisha,2015,2,SRS
Odisha,2016,2,SRS
Odisha,2017,1.9,SRS
Odisha,2018,1.9,SRS
Odisha,2019,1.8,SRS
Odisha,2020,1.8,SRS
Odisha,2021,1.8,SRS
Odisha,2022,1.7,SRS
Odisha,2023,1.7,SRS
Puducherry,1991,1.8,SRS
Puducherry,1992,1.5,SRS
Puducherry,1993,1.5,SRS
Puducherry,1994,1.6,SRS
Puducherry,1995,1.8,SRS
Puducherry,1996,1.8,SRS
Puducherry,1997,1.7,SRS
Puducherry,1998,1.8,SRS
Puducherry,1999,1.8,SRS
Puducherry,2000,1.8,SRS
Puducherry,2001,1.8,SRS
Puducherry,2002,1.7,SRS
Puducherry,2003,1.7,SRS
Puducherry,2004,1.7,SRS
Puducherry,2005,1.7,SRS
Puducherry,2006,1.6,SRS
Puducherry,2007,1.6,SRS
Puducherry,2008,1.7,SRS
Puducherry,2009,1.8,SRS
Puducherry,2010,1.8,SRS
Puducherry,2011,1.7,SRS
Puducherry,2012,1.7,SRS
Punjab,1972,5.2,SRS
Punjab,1973,5.1,SRS
Punjab,1974,4.9,SRS
Punjab,1975,4.8,SRS
Punjab,1976,4.6,SRS
Punjab,1977,4.4,SRS
Punjab,1978,4,SRS
Punjab,1979,3.9,SRS
Punjab,1980,3.9,SRS
Punjab,1981,4,SRS
Punjab,1982,4,SRS
Punjab,1983,3.9,SRS
Punjab,1984,3.8,SRS
Punjab,1985,3.6,SRS
Punjab,1986,3.4,SRS
Punjab,1987,3.4,SRS
Punjab,1988,3.4,SRS
Punjab,1989,3.3,SRS
Punjab,1990,3.2,SRS
Punjab,1991,3.1,SRS
Punjab,1992,3.1,SRS
Punjab,1993,3,SRS
Punjab,1994,2.9,SRS
Punjab,1995,2.9,SRS
Punjab,1996,2.8,SRS
Punjab,1997,2.7,SRS
Punjab,1998,2.6,SRS
Punjab,1999,2.5,SRS
Punjab,2000,2.5,SRS
Punjab,2001,2.4,SRS
Punjab,2002,2.3,SRS
Punjab,2003,2.3,SRS
Punjab,2004,2.2,SRS
Punjab,2005,2.1,SRS
Punjab,2006,2.1,SRS
Punjab,2007,2,SRS
Punjab,2008,1.9,SRS
Punjab,2009,1.9,SRS
Punjab,2010,1.8,SRS
Punjab,2011,1.8,SRS
Punjab,2012,1.7,SRS
Punjab,2013,1.7,SRS
Punjab,2014,1.7,SRS
Punjab,2015,1.7,SRS
Punjab,2016,1.7,SRS
Punjab,2017,1.6,SRS
Punjab,2018,1.6,SRS
Punjab,2019,1.5,SRS
Punjab,2020,1.5,SRS
Punjab,2021,1.5,SRS
Punjab,2022,1.5,SRS
Punjab,2023,1.5,SRS
Rajasthan,1973,5.8,SRS
Rajasthan,1974,5.5,SRS
Rajasthan,1975,5.2,SRS
Rajasthan,1976,5.1,SRS
Rajasthan,1977,5,SRS
Rajasthan,1978,5.1,SRS
Rajasthan,1979,5.3,SRS
Rajasthan,1980,5.3,SRS
Rajasthan,1981,5.4,SRS
Rajasthan,1982,5.5,SRS
Rajasthan,1983,5.6,SRS
Rajasthan,1984,5.7,SRS
Rajasthan,1985,5.4,SRS
Rajasthan,1986,5.1,SRS
Rajasthan,1987,4.8,SRS
Rajasthan,1988,4.7,SRS
Rajasthan,1989,4.6,SRS
Rajasthan,1990,4.6,SRS
Rajasthan,1991,4.5,SRS
Rajasthan,1992,4.5,SRS
Rajasthan,1993,4.5,SRS
Rajasthan,1994,4.5,SRS
Rajasthan,1995,4.4,SRS
Rajasthan,1996,4.3,SRS
Rajasthan,1997,4.2,SRS
Rajasthan,1998,4.1,SRS
Rajasthan,1999,4.1,SRS
Rajasthan,2000,4.1,SRS
Rajasthan,2001,4,SRS
Rajasthan,2002,3.9,SRS
Rajasthan,2003,3.8,SRS
Rajasthan,2004,3.7,SRS
Rajasthan,2005,3.6,SRS
Rajasthan,2006,3.5,SRS
Rajasthan,2007,3.4,SRS
Rajasthan,2008,3.3,SRS
Rajasthan,2009,3.2,SRS
Rajasthan,2010,3.1,SRS
Rajasthan,2011,3,SRS
Rajasthan,2012,2.9,SRS
Rajasthan,2013,2.8,SRS
Rajasthan,2014,2.8,SRS
Rajasthan,2015,2.7,SRS
Rajasthan,2016,2.7,SRS
Rajasthan,2017,2.6,SRS
Rajasthan,2018,2.5,SRS
Rajasthan,2019,2.5,SRS
Rajasthan,2020,2.4,SRS
Rajasthan,2021,2.4,SRS
Rajasthan,2022,2.5,SRS
Rajasthan,2023,2.3,SRS
Sikkim,1991,3,SRS
Sikkim,1992,3.3,SRS
Sikkim,1993,3.4,SRS
Sikkim,1994,3.4,SRS
Sikkim,1995,2.8,SRS
Sikkim,1996,2.5,SRS
Sikkim,1997,2.3,SRS
Sikkim,1998,2.4,SRS
Sikkim,1999,2.4,SRS
Sikkim,2000,2.4,SRS
Sikkim,2001,2.4,SRS
Sikkim,2002,2.4,SRS
Sikkim,2003,2.3,SRS
Sikkim,2004,2.2,SRS
Sikkim,2005,2.1,SRS
Sikkim,2006,2,SRS
Sikkim,2007,1.9,SRS
Sikkim,2008,1.8,SRS
Sikkim,2009,1.8,SRS
Sikkim,2010,1.7,SRS
Sikkim,2011,1.6,SRS
Sikkim,2012,1.5,SRS
Tamil Nadu,1972,3.8,SRS
Tamil Nadu,1973,3.7,SRS
Tamil Nadu,1974,3.7,SRS
Tamil Nadu,1975,3.7,SRS
Tamil Nadu,1976,3.8,SRS
Tamil Nadu,1977,3.7,SRS
Tamil Nadu,1978,3.7,SRS
Tamil Nadu,1979,3.5,SRS
Tamil Nadu,1980,3.5,SRS
Tamil Nadu,1981,3.4,SRS
Tamil Nadu,1982,3.3,SRS
Tamil Nadu,1983,3.3,SRS
Tamil Nadu,1984,3.1,SRS
Tamil Nadu,1985,2.9,SRS
Tamil Nadu,1986,2.7,SRS
Tamil Nadu,1987,2.6,SRS
Tamil Nadu,1988,2.5,SRS
Tamil Nadu,1989,2.4,SRS
Tamil Nadu,1990,2.3,SRS
Tamil Nadu,1991,2.2,SRS
Tamil Nadu,1992,2.2,SRS
Tamil Nadu,1993,2.1,SRS
Tamil Nadu,1994,2.1,SRS
Tamil Nadu,1995,2.1,SRS
Tamil Nadu,1996,2.1,SRS
Tamil Nadu,1997,2,SRS
Tamil Nadu,1998,2,SRS
Tamil Nadu,1999,2,SRS
Tamil Nadu,2000,2,SRS
Tamil Nadu,2001,2,SRS
Tamil Nadu,2002,2,SRS
Tamil Nadu,2003,1.9,SRS
Tamil Nadu,2004,1.8,SRS
Tamil Nadu,2005,1.7,SRS
Tamil Nadu,2006,1.7,SRS
Tamil Nadu,2007,1.7,SRS
Tamil Nadu,2008,1.7,SRS
Tamil Nadu,2009,1.7,SRS
Tamil Nadu,2010,1.7,SRS
Tamil Nadu,2011,1.7,SRS
Tamil Nadu,2012,1.7,SRS
Tamil Nadu,2013,1.7,SRS
Tamil Nadu,2014,1.7,SRS
Tamil Nadu,2015,1.6,SRS
Tamil Nadu,2016,1.6,SRS
Tamil Nadu,2017,1.6,SRS
Tamil Nadu,2018,1.6,SRS
Tamil Nadu,2019,1.5,SRS
Tamil Nadu,2020,1.4,SRS
Tamil Nadu,2021,1.5,SRS
Tamil Nadu,2022,1.3,SRS
Tamil Nadu,2023,1.3,SRS
Telangana,2014,1.8,SRS
Telangana,2015,1.8,SRS
Telangana,2016,1.7,SRS
Telangana,2017,1.7,SRS
Telangana,2018,1.6,SRS
Telangana,2019,1.6,SRS
Telangana,2020,1.5,SRS
Telangana,2021,1.6,SRS
Telangana,2022,1.6,SRS
Telangana,2023,1.5,SRS
Tripura,1991,2.7,SRS
Tripura,1992,2.6,SRS
Tripura,1993,2.5,SRS
Tripura,1994,2.4,SRS
Tripura,1995,2.3,SRS
Tripura,1996,2.1,SRS
Tripura,1997,2,SRS
Tripura,1998,1.9,SRS
Tripura,1999,1.9,SRS
Tripura,2000,1.8,SRS
Tripura,2001,1.7,SRS
Tripura,2002,1.6,SRS
Tripura,2003,1.5,SRS
Tripura,2004,1.6,SRS
Tripura,2005,1.7,SRS
Tripura,2006,1.7,SRS
Tripura,2007,1.7,SRS
Tripura,2008,1.6,SRS
Tripura,2009,1.5,SRS
Tripura,2010,1.4,SRS
Tripura,2011,1.4,SRS
Tripura,2012,1.3,SRS
Uttar Pradesh,1972,6.5,SRS
Uttar Pradesh,1973,6.5,SRS
Uttar Pradesh,1974,6.5,SRS
Uttar Pradesh,1975,6.3,SRS
Uttar Pradesh,1976,6.2,SRS
Uttar Pradesh,1977,6,SRS
Uttar Pradesh,1978,6,SRS
Uttar Pradesh,1979,5.9,SRS
Uttar Pradesh,1980,5.8,SRS
Uttar Pradesh,1981,5.8,SRS
Uttar Pradesh,1982,5.8,SRS
Uttar Pradesh,1983,5.8,SRS
Uttar Pradesh,1984,5.8,SRS
Uttar Pradesh,1985,5.6,SRS
Uttar Pradesh,1986,5.5,SRS
Uttar Pradesh,1987,5.4,SRS
Uttar Pradesh,1988,5.4,SRS
Uttar Pradesh,1989,5.3,SRS
Uttar Pradesh,1990,5.2,SRS
Uttar Pradesh,1991,5.2,SRS
Uttar Pradesh,1992,5.2,SRS
Uttar Pradesh,1993,5.2,SRS
Uttar Pradesh,1994,5.1,SRS
Uttar Pradesh,1995,5,SRS
Uttar Pradesh,1996,4.9,SRS
Uttar Pradesh,1997,4.8,SRS
Uttar Pradesh,1998,4.7,SRS
Uttar Pradesh,1999,4.7,SRS
Uttar Pradesh,2000,4.7,SRS
Uttar Pradesh,2001,4.6,SRS
Uttar Pradesh,2002,4.4,SRS
Uttar Pradesh,2003,4.4,SRS
Uttar Pradesh,2004,4.3,SRS
Uttar Pradesh,2005,4.3,SRS
Uttar Pradesh,2006,4.1,SRS
Uttar Pradesh,2007,4,SRS
Uttar Pradesh,2008,3.8,SRS
Uttar Pradesh,2009,3.7,SRS
Uttar Pradesh,2010,3.5,SRS
Uttar Pradesh,2011,3.4,SRS
Uttar Pradesh,2012,3.3,SRS
Uttar Pradesh,2013,3.1,SRS
Uttar Pradesh,2014,3.2,SRS
Uttar Pradesh,2015,3.1,SRS
Uttar Pradesh,2016,3.1,SRS
Uttar Pradesh,2017,3,SRS
Uttar Pradesh,2018,2.9,SRS
Uttar Pradesh,2019,2.9,SRS
Uttar Pradesh,2020,2.7,SRS
Uttar Pradesh,2021,2.7,SRS
Uttar Pradesh,2022,2.6,SRS
Uttar Pradesh,2023,2.6,SRS
Uttarakhand,2005,2.5,SRS
Uttarakhand,2006,2.5,SRS
Uttarakhand,2007,2.4,SRS
Uttarakhand,2008,2.3,SRS
Uttarakhand,2009,2.2,SRS
Uttarakhand,2010,2.1,SRS
Uttarakhand,2011,2.1,SRS
Uttarakhand,2012,2,SRS
Uttarakhand,2014,2,SRS
Uttarakhand,2015,2,SRS
Uttarakhand,2016,1.9,SRS
Uttarakhand,2017,1.9,SRS
Uttarakhand,2018,1.8,SRS
Uttarakhand,2019,1.9,SRS
Uttarakhand,2020,1.8,SRS
Uttarakhand,2021,1.8,SRS
Uttarakhand,2022,1.8,SRS
Uttarakhand,2023,1.7,SRS
West Bengal,1982,4.1,SRS
West Bengal,1983,4,SRS
West Bengal,1984,3.9,SRS
West Bengal,1985,3.7,SRS
West Bengal,1986,3.7,SRS
West Bengal,1987,3.6,SRS
West Bengal,1988,3.5,SRS
West Bengal,1989,3.4,SRS
West Bengal,1990,3.3,SRS
West Bengal,1991,3.2,SRS
West Bengal,1992,3,SRS
West Bengal,1993,3,SRS
West Bengal,1994,2.9,SRS
West Bengal,1995,2.8,SRS
West Bengal,1996,2.7,SRS
West Bengal,1997,2.5,SRS
West Bengal,1998,2.5,SRS
West Bengal,1999,2.4,SRS
West Bengal,2000,2.4,SRS
West Bengal,2001,2.4,SRS
West Bengal,2002,2.3,SRS
West Bengal,2003,2.3,SRS
West Bengal,2004,2.2,SRS
West Bengal,2005,2.1,SRS
West Bengal,2006,2,SRS
West Bengal,2007,1.9,SRS
West Bengal,2008,1.9,SRS
West Bengal,2009,1.9,SRS
West Bengal,2010,1.8,SRS
West Bengal,2011,1.7,SRS
West Bengal,2012,1.7,SRS
West Bengal,2013,1.6,SRS
West Bengal,2014,1.6,SRS
West Bengal,2015,1.6,SRS
West Bengal,2016,1.6,SRS
West Bengal,2017,1.6,SRS
West Bengal,2018,1.5,SRS
West Bengal,2019,1.5,SRS
West Bengal,2020,1.4,SRS
West Bengal,2021,1.4,SRS
West Bengal,2022,1.4,SRS
West Bengal,2023,1.3,SRS
