state,group,census_year,log_census_tfr,comparison_type,fitted_median,ci_lo,ci_hi,abs_diff,census_year_label
Andaman & Nicobar Islands,By2011,2001,0.8415671856782185,Model,0.6491148651220526,0.6100589878395358,0.6877037047386908,0.1924523205561659,Census 2001
Andaman & Nicobar Islands,By2011,2001,0.8415671856782185,Raw SRS,0.6382519364126242,0.5719198635223891,0.7045840093028594,0.2033152492655943,Census 2001
Andhra Pradesh,By2011,2001,0.8372475245337022,Model,0.916896020732361,0.8799580726493313,0.9551463429362259,0.07964849619865877,Census 2001
Andhra Pradesh,By2011,2001,0.8372475245337022,Raw SRS,0.9209959438572872,0.8854115088898197,0.9565803788247548,0.08374841932358501,Census 2001
Arunachal Pradesh,By2016,2001,1.366091653802371,Model,1.0789998161507042,1.042253778137885,1.1144740407352556,0.2870918376516669,Census 2001
Arunachal Pradesh,By2016,2001,1.366091653802371,Raw SRS,1.061505620096751,0.9983667444169271,1.1246444957765749,0.3045860337056201,Census 2001
Assam,By2021,2001,1.1600209167967532,Model,1.1748746430793164,1.1383422661688347,1.2101892089635753,0.014853726282563207,Census 2001
Assam,By2021,2001,1.1600209167967532,Raw SRS,1.1886147066244734,1.153505345674515,1.2237240675744319,0.028593789827720206,Census 2001
Bihar,NotYet,2001,1.5129270120532565,Model,1.4958251447035689,1.4601995769883447,1.5313562494506725,0.01710186734968766,Census 2001
Bihar,NotYet,2001,1.5129270120532565,Raw SRS,1.500796424635511,1.489408739521258,1.512184109749764,0.01213058741774553,Census 2001
Chandigarh,By2011,2001,0.8109302162163288,Model,0.6652831799019008,0.625917024290783,0.7042657919304189,0.145647036314428,Census 2001
Chandigarh,By2011,2001,0.8109302162163288,Raw SRS,0.7195915121062634,0.6719528640628611,0.7672301601496656,0.0913387041100654,Census 2001
Delhi,By2016,2001,0.9631743177730056,Model,0.7505179067014164,0.6443100994634384,0.861457553285522,0.21265641107158917,Census 2001
Goa,Pre2001,2001,0.5822156198526637,Model,0.3641559265858978,0.3269771330925624,0.40084567224125917,0.21805969326676589,Census 2001
Goa,Pre2001,2001,0.5822156198526637,Raw SRS,0.3561844856174847,0.3312450496717255,0.38112392156324393,0.22603113423517895,Census 2001
Gujarat,By2016,2001,0.9439058989071284,Model,1.1083008703366122,1.072168635800709,1.146670542017922,0.16439497142948378,Census 2001
Gujarat,By2016,2001,0.9439058989071284,Raw SRS,1.1123575193978057,1.0886547492244314,1.13606028957118,0.1684516204906773,Census 2001
Haryana,By2016,2001,1.169381359556317,Model,1.2191824717189355,1.1821969387102162,1.2559504437695344,0.04980111216261851,Census 2001
Haryana,By2016,2001,1.169381359556317,Raw SRS,1.222040064999849,1.174860653273841,1.269219476725857,0.05265870544353213,Census 2001
Himachal Pradesh,By2011,2001,0.8712933659434193,Model,0.9084124815652962,0.8712712564028642,0.945846599251093,0.037119115621876864,Census 2001
Himachal Pradesh,By2011,2001,0.8712933659434193,Raw SRS,0.9140681795803429,0.8610915073206091,0.9670448518400767,0.04277481363692359,Census 2001
Jammu & Kashmir,By2016,2001,1.091923300517313,Model,0.8668691930389687,0.756096630382375,0.9766728229459993,0.2250541074783443,Census 2001
Karnataka,By2011,2001,0.8754687373538999,Model,0.9414360253291656,0.9032236342700816,0.9790637818719738,0.06596728797526574,Census 2001
Karnataka,By2011,2001,0.8754687373538999,Raw SRS,0.9374145105249982,0.8940976559546164,0.9807313650953801,0.061945773171098395,Census 2001
Kerala,Pre2001,2001,0.5306282510621704,Model,0.5806626086457438,0.5425951515392768,0.6187879196473071,0.05003435758357344,Census 2001
Kerala,Pre2001,2001,0.5306282510621704,Raw SRS,0.5796211772106978,0.5636168213355122,0.5956255330858835,0.04899292614852746,Census 2001
Lakshadweep,By2011,2001,0.9895411936137477,Model,1.1033794321833827,1.0651768552845076,1.1424975541782523,0.11383823856963504,Census 2001
Lakshadweep,By2011,2001,0.9895411936137477,Raw SRS,1.0897697871526675,0.9449894892115989,1.234550085093736,0.10022859353891977,Census 2001
Madhya Pradesh,By2021,2001,1.3506671834767394,Model,1.394258740079549,1.3592030001891444,1.4302807850679804,0.043591556602809556,Census 2001
Madhya Pradesh,By2021,2001,1.3506671834767394,Raw SRS,1.392911434973657,1.3676311615371506,1.4181917084101636,0.042244251496917684,Census 2001
Maharashtra,By2016,2001,0.9400072584914712,Model,0.9863521122313434,0.950213514583393,1.0243038650649456,0.046344853739872294,Census 2001
Maharashtra,By2016,2001,0.9400072584914712,Raw SRS,0.9970866123007608,0.9540982251892753,1.0400749994122462,0.057079353809289635,Census 2001
Manipur,NotYet,2001,0.9516578757114463,Model,0.8165874335042247,0.7816358905594709,0.8524262545068428,0.13507044220722164,Census 2001
Manipur,NotYet,2001,0.9516578757114463,Raw SRS,0.8432374100998702,0.7924868713831774,0.893987948816563,0.10842046561157614,Census 2001
Meghalaya,NotYet,2001,1.4929040961781488,Model,1.345319830355033,1.3106232750971092,1.378720759410844,0.14758426582311568,Census 2001
Meghalaya,NotYet,2001,1.4929040961781488,Raw SRS,1.3606946909560418,1.3416951657266565,1.379694216185427,0.132209405222107,Census 2001
Mizoram,By2021,2001,1.2119409739751128,Model,0.5517440168007173,0.5075100302895643,0.5968594207697929,0.6601969571743955,Census 2001
Mizoram,By2021,2001,1.2119409739751128,Raw SRS,0.5306282510621704,0.5306282510621704,0.5306282510621704,0.6813127229129424,Census 2001
Nagaland,By2021,2001,1.1505720275988207,Model,0.7413222417366634,0.6495598964274211,0.8302636251621359,0.4092497858621573,Census 2001
Odisha,By2016,2001,1.0367368849500223,Model,1.0851734401990343,1.0496903242803723,1.1222809962774734,0.048436555249012025,Census 2001
Odisha,By2016,2001,1.0367368849500223,Raw SRS,1.0919854209934916,1.0431177821098854,1.1408530598770978,0.055248536043469354,Census 2001
Puducherry,Pre2001,2001,0.598836501088704,Model,0.5537897583931888,0.5153182643627937,0.589872303725966,0.04504674269551523,Census 2001
Puducherry,Pre2001,2001,0.598836501088704,Raw SRS,0.5627950292597859,0.5286214558626858,0.5969686026568859,0.03604147182891815,Census 2001
Punjab,By2011,2001,0.883767540168595,Model,0.9848135664328119,0.9468065554211518,1.0227882504099595,0.10104602626421688,Census 2001
Punjab,By2011,2001,0.883767540168595,Raw SRS,0.9914836532788636,0.9438717445326411,1.0390955620250861,0.10771611311026852,Census 2001
Rajasthan,By2021,2001,1.4398351280479205,Model,1.435475755467308,1.4003436284352884,1.470636750012338,0.004359372580612364,Census 2001
Rajasthan,By2021,2001,1.4398351280479205,Raw SRS,1.444620343831445,1.4166008534543812,1.472639834208509,0.004785215783524643,Census 2001
Sikkim,By2011,2001,1.1085626195212777,Model,0.9538597778867175,0.9155809175817293,0.9929505378631781,0.15470284163456016,Census 2001
Sikkim,By2011,2001,1.1085626195212777,Raw SRS,0.9470001308106046,0.8454520969176638,1.0485481647035455,0.16156248871067302,Census 2001
Tamil Nadu,Pre2001,2001,0.6151856390902335,Model,0.7154275870265492,0.6797289088413441,0.7527572462769366,0.10024194793631569,Census 2001
Tamil Nadu,Pre2001,2001,0.6151856390902335,Raw SRS,0.7140572509182733,0.6947373315922035,0.7333771702443431,0.09887161182803983,Census 2001
Tripura,By2016,2001,0.9082585601768908,Model,0.7178398409322007,0.6813021747813064,0.7541323310574858,0.19041871924469012,Census 2001
Tripura,By2016,2001,0.9082585601768908,Raw SRS,0.7164224032607478,0.6377163300478831,0.7951284764736125,0.19183615691614297,Census 2001
Uttar Pradesh,NotYet,2001,1.472472057360943,Model,1.5688043419646611,1.5346777967108356,1.6046049376819753,0.09633228460371801,Census 2001
Uttar Pradesh,NotYet,2001,1.472472057360943,Raw SRS,1.5770310144775495,1.5524592972469156,1.6016027317081833,0.10455895711660634,Census 2001
West Bengal,By2011,2001,0.9631743177730056,Model,0.9552780888594354,0.9179859643005416,0.9928197404081156,0.007896228913570114,Census 2001
West Bengal,By2011,2001,0.9631743177730056,Raw SRS,0.95301440937714,0.8966873523511795,1.0093414664031004,0.010159908395865558,Census 2001
Andaman & Nicobar Islands,By2011,2011,0.5187937934151675,Model,0.45485773749968195,0.4182297527826536,0.4923666002062224,0.06393605591548557,Census 2011
Andaman & Nicobar Islands,By2011,2011,0.5187937934151675,Raw SRS,0.4607838405117969,0.4427130545932769,0.47885462643031684,0.05800995290337063,Census 2011
Andhra Pradesh,By2011,2011,0.5822156198526637,Model,0.661097435709729,0.6247585587140764,0.6997768928866405,0.07888181585706533,Census 2011
Andhra Pradesh,By2011,2011,0.5822156198526637,Raw SRS,0.655358972571185,0.6127505465092669,0.6979673986331032,0.07314335271852135,Census 2011
Arunachal Pradesh,By2016,2011,1.1908875647772805,Model,0.8987264413460316,0.8613426760903219,0.9361337018904128,0.2921611234312489,Census 2011
Arunachal Pradesh,By2016,2011,1.1908875647772805,Raw SRS,0.926139187869331,0.881975195815851,0.970303179922811,0.2647483769079495,Census 2011
Assam,By2021,2011,1.0612565021243408,Model,0.9852941909103781,0.9497225091399759,1.0219179405787393,0.07596231121396269,Census 2011
Assam,By2021,2011,1.0612565021243408,Raw SRS,0.9920735666134365,0.9532092021678388,1.030937931059034,0.06918293551090426,Census 2011
Bihar,NotYet,2011,1.4445632692438664,Model,1.375871218803503,1.3401762940695856,1.412397528551926,0.06869205044036342,Census 2011
Bihar,NotYet,2011,1.4445632692438664,Raw SRS,1.388403117106758,1.3452183110869542,1.4315879231265616,0.056160152137108454,Census 2011
Chandigarh,By2011,2011,0.688134638736401,Model,0.5539705900330338,0.5143274225644633,0.5934702411617366,0.13416404870336718,Census 2011
Chandigarh,By2011,2011,0.688134638736401,Raw SRS,0.5627950292597859,0.5286214558626858,0.5969686026568859,0.12533960947661515,Census 2011
Chhattisgarh,By2021,2011,1.085189268335969,Model,1.1208299088481186,1.0878846552986767,1.1536719985938804,0.03564064051214966,Census 2011
Chhattisgarh,By2021,2011,1.085189268335969,Raw SRS,1.1186982485462775,1.0647455443196152,1.1726509527729398,0.03350898021030857,Census 2011
Delhi,By2016,2011,0.7929925155296614,Model,0.6867448647100134,0.6499079692443445,0.7249098065277995,0.10624765081964804,Census 2011
Delhi,By2016,2011,0.7929925155296614,Raw SRS,0.6994020239504017,0.6660935787038966,0.7327104691969069,0.0935904915792597,Census 2011
Goa,Pre2001,2011,0.43178241642553783,Model,0.3990345214946711,0.361964775459271,0.4366780713064235,0.03274789493086672,Census 2011
Goa,Pre2001,2011,0.43178241642553783,Raw SRS,0.41404856107790594,0.3801344274165712,0.44796269473924066,0.01773385534763189,Census 2011
Gujarat,By2016,2011,0.8671004876833833,Model,0.9562464645971015,0.9183871058245917,0.9931960644208473,0.08914597691371817,Census 2011
Gujarat,By2016,2011,0.8671004876833833,Raw SRS,0.9652677497175002,0.9265882603787774,1.003947239056223,0.09816726203411685,Census 2011
Haryana,By2016,2011,0.9783261227936078,Model,0.9600625053959606,0.923975576774104,0.997757600447223,0.018263617397647147,Census 2011
Haryana,By2016,2011,0.9783261227936078,Raw SRS,0.9586173683990373,0.903573266761268,1.0136614700368065,0.019708754394570427,Census 2011
Himachal Pradesh,By2011,2011,0.688134638736401,Model,0.6723461523221828,0.6345615136808659,0.7083901143672746,0.01578848641421826,Census 2011
Himachal Pradesh,By2011,2011,0.688134638736401,Raw SRS,0.6773804982607934,0.635273954500568,0.7194870420210188,0.010754140475607632,Census 2011
Jharkhand,NotYet,2011,1.247032293786383,Model,1.2388975445111883,1.1925200207614013,1.2797461139287094,0.008134749275194642,Census 2011
Jharkhand,NotYet,2011,1.247032293786383,Raw SRS,1.252762968495368,NA,NA,0.0057306747089851395,Census 2011
Karnataka,By2011,2011,0.712949807856125,Model,0.7380227599348506,0.6989968913473772,0.7766423785398576,0.025072952078725508,Census 2011
Karnataka,By2011,2011,0.712949807856125,Raw SRS,0.7406689592054235,0.7005805130709036,0.7807574053399434,0.027719151349298476,Census 2011
Kerala,Pre2001,2011,0.4574248470388755,Model,0.549553230349357,0.5120279517310266,0.5868617525301117,0.09212838331048151,Census 2011
Kerala,Pre2001,2011,0.4574248470388755,Raw SRS,0.5387937387535916,0.5227893828784059,0.5547980946287773,0.08136889171471612,Census 2011
Lakshadweep,By2011,2011,0.7227059828014898,Model,0.6459084580007313,0.6082636434063452,0.683957672763135,0.07679752480075852,Census 2011
Lakshadweep,By2011,2011,0.7227059828014898,Raw SRS,0.6412142678605576,0.5386593896380041,0.7437691460831111,0.08149171494093221,Census 2011
Madhya Pradesh,By2021,2011,1.1537315878891892,Model,1.223286395054349,1.1875479347957192,1.2588885547766604,0.06955480716515994,Census 2011
Madhya Pradesh,By2021,2011,1.1537315878891892,Raw SRS,1.230971544568611,1.1922970703828983,1.2696460187543235,0.07723995667942174,Census 2011
Maharashtra,By2016,2011,0.7701082216960737,Model,0.7137639434998406,0.6777884277595805,0.7512791625218744,0.05634427819623311,Census 2011
Maharashtra,By2016,2011,0.7701082216960737,Raw SRS,0.7126934569889426,0.6666914331110043,0.7586954808668809,0.05741476470713114,Census 2011
Manipur,NotYet,2011,0.9082585601768908,Model,0.5083777922080841,0.4728306715860927,0.5444154471782118,0.39988076796880667,Census 2011
Manipur,NotYet,2011,0.9082585601768908,Raw SRS,0.48732494976471696,0.465410455702634,0.5092394438268,0.4209336104121738,Census 2011
Meghalaya,NotYet,2011,1.4678743481123135,Model,1.123362874629807,1.0882864776881755,1.1592467550758159,0.34451147348250655,Census 2011
Meghalaya,NotYet,2011,1.4678743481123135,Raw SRS,1.1215773081317444,1.0946311575479286,1.1485234587155602,0.34629703998056915,Census 2011
Mizoram,By2021,2011,1.0647107369924282,Model,0.6089103033458262,0.5729645415590469,0.6447166216124872,0.45580043364660205,Census 2011
Mizoram,By2021,2011,1.0647107369924282,Raw SRS,0.6394695961268673,0.5841508667698647,0.6947883254838698,0.425241140865561,Census 2011
Nagaland,By2021,2011,1.0367368849500223,Model,0.6074994236951095,0.5691993918704115,0.6449715432677865,0.4292374612549128,Census 2011
Nagaland,By2021,2011,1.0367368849500223,Raw SRS,0.6251719591901554,0.5807936998547807,0.6695502185255302,0.4115649257598668,Census 2011
Odisha,By2016,2011,0.8586616190375187,Model,0.8874884479096379,0.8516022836747439,0.9241687190460888,0.02882682887211918,Census 2011
Odisha,By2016,2011,0.8586616190375187,Raw SRS,0.8980898509894044,0.8639945650311956,0.9321851369476132,0.03942823195188572,Census 2011
Puducherry,Pre2001,2011,0.5068176023684519,Model,0.5267795294728823,0.48882607795444805,0.5647007789834757,0.019961927104430455,Census 2011
Puducherry,Pre2001,2011,0.5068176023684519,Raw SRS,0.5296379059260315,0.4940096345210561,0.5652661773310069,0.02282030355757969,Census 2011
Punjab,By2011,2011,0.7178397931503168,Model,0.6917914965337615,0.654792518938849,0.7285343664041075,0.026048296616555278,Census 2011
Punjab,By2011,2011,0.7178397931503168,Raw SRS,0.6909962382328398,0.638460083429327,0.7435323930363527,0.02684355491747692,Census 2011
Rajasthan,By2021,2011,1.2296405510745139,Model,1.2164571151929349,1.1791603810816043,1.252324104527138,0.013183435881578998,Census 2011
Rajasthan,By2021,2011,1.2296405510745139,Raw SRS,1.222040064999849,1.174860653273841,1.269219476725857,0.007600486074664792,Census 2011
Sikkim,By2011,2011,0.6259384308664954,Model,0.6473871421651235,0.6096722119773453,0.6842093990407094,0.02144871129862813,Census 2011
Sikkim,By2011,2011,0.6259384308664954,Raw SRS,0.6530853360989137,0.5844687168878397,0.7217019553099877,0.02714690523241836,Census 2011
Tamil Nadu,Pre2001,2011,0.4824261492442928,Model,0.5509790480414987,0.5132126220689972,0.5875871411427889,0.06855289879720589,Census 2011
Tamil Nadu,Pre2001,2011,0.4824261492442928,Raw SRS,0.5387937387535916,0.5227893828784059,0.5547980946287773,0.05636758950929882,Census 2011
Tripura,By2016,2011,0.7929925155296614,Model,0.4579771140175227,0.42203654845068195,0.4952032860301246,0.3350154015121387,Census 2011
Tripura,By2016,2011,0.7929925155296614,Raw SRS,0.4676899080581942,0.4127629159289408,0.5226169001874476,0.3253026074714672,Census 2011
Uttar Pradesh,NotYet,2011,1.2781522025001875,Model,1.3617418880117715,1.326777721716346,1.396843480330668,0.08358968551158408,Census 2011
Uttar Pradesh,NotYet,2011,1.2781522025001875,Raw SRS,1.3729440335867247,1.3152730849374836,1.4306149822359657,0.09479183108653721,Census 2011
Uttarakhand,By2016,2011,0.9477893989335261,Model,0.8437150409760763,0.8083604473607828,0.8780887271112655,0.10407435795744979,Census 2011
Uttarakhand,By2016,2011,0.9477893989335261,Raw SRS,0.8452256715218269,0.7885798114637204,0.9018715315799335,0.10256372741169917,Census 2011
West Bengal,By2011,2011,0.7030975114131134,Model,0.6747852935653125,0.6388265238363863,0.713807530601681,0.028312217847800913,Census 2011
West Bengal,By2011,2011,0.7030975114131134,Raw SRS,0.676698601296128,0.6255840597205773,0.7278131428716788,0.026398910116985363,Census 2011
