regime,state,group,year,median_tfr,signed_diff_vs_main,abs_diff_vs_main
main,Andaman & Nicobar Islands,By2011,2030,1.158497631232049,0,0
main,Andaman & Nicobar Islands,By2011,2040,1.1055596627704276,0,0
main,Andaman & Nicobar Islands,By2011,2050,1.0653524011613396,0,0
main,Andhra Pradesh,By2011,2030,1.4000756328539705,0,0
main,Andhra Pradesh,By2011,2040,1.2786210410013101,0,0
main,Andhra Pradesh,By2011,2050,1.1929063080233373,0,0
main,Arunachal Pradesh,By2016,2030,1.6045183713513154,0,0
main,Arunachal Pradesh,By2016,2040,1.462779663783076,0,0
main,Arunachal Pradesh,By2016,2050,1.3602784921401485,0,0
main,Assam,By2021,2030,1.8863442310467744,0,0
main,Assam,By2021,2040,1.7153927900150852,0,0
main,Assam,By2021,2050,1.5867403032585203,0,0
main,Bihar,NotYet,2030,2.5952117914443966,0,0
main,Bihar,NotYet,2040,2.279690992199769,0,0
main,Bihar,NotYet,2050,2.0375466133705595,0,0
main,Chandigarh,By2011,2030,1.3578208610589875,0,0
main,Chandigarh,By2011,2040,1.2470792778591129,0,0
main,Chandigarh,By2011,2050,1.1608808602629264,0,0
main,Chhattisgarh,By2021,2030,2.0282550236164383,0,0
main,Chhattisgarh,By2021,2040,1.831064623600672,0,0
main,Chhattisgarh,By2021,2050,1.6713694983149878,0,0
main,Dadra & Nagar Haveli and Daman & Diu,By2021,2030,1.8176070417563506,0,0
main,Dadra & Nagar Haveli and Daman & Diu,By2021,2040,1.6591719637503446,0,0
main,Dadra & Nagar Haveli and Daman & Diu,By2021,2050,1.5421745530509803,0,0
main,Delhi,By2016,2030,1.249304689830899,0,0
main,Delhi,By2016,2040,1.189339914438781,0,0
main,Delhi,By2016,2050,1.1404489568213827,0,0
main,Goa,Pre2001,2030,1.2831842848367208,0,0
main,Goa,Pre2001,2040,1.2080024169452264,0,0
main,Goa,Pre2001,2050,1.1505861838125537,0,0
main,Gujarat,By2016,2030,1.712658765795541,0,0
main,Gujarat,By2016,2040,1.5474054053840467,0,0
main,Gujarat,By2016,2050,1.4160368698126131,0,0
main,Haryana,By2016,2030,1.768744134163303,0,0
main,Haryana,By2016,2040,1.5800355346790997,0,0
main,Haryana,By2016,2050,1.442809638644042,0,0
main,Himachal Pradesh,By2011,2030,1.426151182796325,0,0
main,Himachal Pradesh,By2011,2040,1.2971404765567578,0,0
main,Himachal Pradesh,By2011,2050,1.205986572868676,0,0
main,Jammu & Kashmir,By2016,2030,1.4308492652459632,0,0
main,Jammu & Kashmir,By2016,2040,1.3313326687015135,0,0
main,Jammu & Kashmir,By2016,2050,1.2526047944424215,0,0
main,Jharkhand,NotYet,2030,2.0412846323360565,0,0
main,Jharkhand,NotYet,2040,1.8568437817742545,0,0
main,Jharkhand,NotYet,2050,1.7000658433513225,0,0
main,Karnataka,By2011,2030,1.42109415895098,0,0
main,Karnataka,By2011,2040,1.2912023587584511,0,0
main,Karnataka,By2011,2050,1.2010556206484113,0,0
main,Kerala,Pre2001,2030,1.4000299773467764,0,0
main,Kerala,Pre2001,2040,1.2983835493043272,0,0
main,Kerala,Pre2001,2050,1.2180130258547894,0,0
main,Ladakh,By2016,2030,1.2417008000296526,0,0
main,Ladakh,By2016,2040,1.1835775481910287,0,0
main,Ladakh,By2016,2050,1.1387367593964595,0,0
main,Lakshadweep,By2011,2030,1.4117711307613234,0,0
main,Lakshadweep,By2011,2040,1.2818377546944633,0,0
main,Lakshadweep,By2011,2050,1.1914138900814248,0,0
main,Madhya Pradesh,By2021,2030,2.237123407038136,0,0
main,Madhya Pradesh,By2021,2040,1.992156376711089,0,0
main,Madhya Pradesh,By2021,2050,1.803291383813916,0,0
main,Maharashtra,By2016,2030,1.3892114821586317,0,0
main,Maharashtra,By2016,2040,1.2996271957657344,0,0
main,Maharashtra,By2016,2050,1.224967076795958,0,0
main,Manipur,NotYet,2030,1.4736296156946387,0,0
main,Manipur,NotYet,2040,1.388552639551311,0,0
main,Manipur,NotYet,2050,1.3230843330564945,0,0
main,Meghalaya,NotYet,2030,2.1996246848642733,0,0
main,Meghalaya,NotYet,2040,1.9755777950078164,0,0
main,Meghalaya,NotYet,2050,1.8040845575627054,0,0
main,Mizoram,By2021,2030,1.5104648711288933,0,0
main,Mizoram,By2021,2040,1.4137003674254922,0,0
main,Mizoram,By2021,2050,1.3444484711705023,0,0
main,Nagaland,By2021,2030,1.5777558906990135,0,0
main,Nagaland,By2021,2040,1.4748945961162976,0,0
main,Nagaland,By2021,2050,1.3905756015040898,0,0
main,Odisha,By2016,2030,1.586097750762446,0,0
main,Odisha,By2016,2040,1.4451798552014559,0,0
main,Odisha,By2016,2050,1.3378203640256094,0,0
main,Puducherry,Pre2001,2030,1.4041447174086183,0,0
main,Puducherry,Pre2001,2040,1.2961178122353498,0,0
main,Puducherry,Pre2001,2050,1.215165152421406,0,0
main,Punjab,By2011,2030,1.377509721102725,0,0
main,Punjab,By2011,2040,1.260683645999017,0,0
main,Punjab,By2011,2050,1.1814616623651575,0,0
main,Rajasthan,By2021,2030,2.1488042281267763,0,0
main,Rajasthan,By2021,2040,1.9248905177972926,0,0
main,Rajasthan,By2021,2050,1.74593122996255,0,0
main,Sikkim,By2011,2030,1.1742897084617576,0,0
main,Sikkim,By2011,2040,1.1150181189361543,0,0
main,Sikkim,By2011,2050,1.070201491014597,0,0
main,Tamil Nadu,Pre2001,2030,1.2870359638403603,0,0
main,Tamil Nadu,Pre2001,2040,1.2042610838821304,0,0
main,Tamil Nadu,Pre2001,2050,1.1482459959309244,0,0
main,Telangana,By2011,2030,1.4095854227762066,0,0
main,Telangana,By2011,2040,1.2861966059549055,0,0
main,Telangana,By2011,2050,1.1895795854766766,0,0
main,Tripura,By2016,2030,1.3349333878858674,0,0
main,Tripura,By2016,2040,1.253248165193194,0,0
main,Tripura,By2016,2050,1.1937259659803883,0,0
main,Uttar Pradesh,NotYet,2030,2.37509234909683,0,0
main,Uttar Pradesh,NotYet,2040,2.1047362116859434,0,0
main,Uttar Pradesh,NotYet,2050,1.9036107525770711,0,0
main,Uttarakhand,By2016,2030,1.6153291793536095,0,0
main,Uttarakhand,By2016,2040,1.4694246544118221,0,0
main,Uttarakhand,By2016,2050,1.3563328912296506,0,0
main,West Bengal,By2011,2030,1.2669832760731292,0,0
main,West Bengal,By2011,2040,1.183025801650305,0,0
main,West Bengal,By2011,2050,1.1221131320348863,0,0
wide_combined,Andaman & Nicobar Islands,By2011,2030,1.1024504269526365,-0.056047204279412455,0.056047204279412455
wide_combined,Andaman & Nicobar Islands,By2011,2040,1.013038601198546,-0.09252106157188167,0.09252106157188167
wide_combined,Andaman & Nicobar Islands,By2011,2050,0.9499807889916103,-0.11537161216972924,0.11537161216972924
wide_combined,Andhra Pradesh,By2011,2030,1.3663535590932876,-0.033722073760682925,0.033722073760682925
wide_combined,Andhra Pradesh,By2011,2040,1.2147941444880965,-0.0638268965132136,0.0638268965132136
wide_combined,Andhra Pradesh,By2011,2050,1.1013786140075483,-0.09152769401578897,0.09152769401578897
wide_combined,Arunachal Pradesh,By2016,2030,1.5746835980466223,-0.029834773304693085,0.029834773304693085
wide_combined,Arunachal Pradesh,By2016,2040,1.405851345016504,-0.056928318766571895,0.056928318766571895
wide_combined,Arunachal Pradesh,By2016,2050,1.281052878294357,-0.07922561384579141,0.07922561384579141
wide_combined,Assam,By2021,2030,1.876804037731382,-0.009540193315392465,0.009540193315392465
wide_combined,Assam,By2021,2040,1.6904814419398384,-0.024911348075246753,0.024911348075246753
wide_combined,Assam,By2021,2050,1.5387275963805573,-0.048012706877962996,0.048012706877962996
wide_combined,Bihar,NotYet,2030,2.589485408381355,-0.005726383063041407,0.005726383063041407
wide_combined,Bihar,NotYet,2040,2.2657385936492345,-0.01395239855053454,0.01395239855053454
wide_combined,Bihar,NotYet,2050,2.007919710402194,-0.029626902968365343,0.029626902968365343
wide_combined,Chandigarh,By2011,2030,1.3070457948912693,-0.05077506616771821,0.05077506616771821
wide_combined,Chandigarh,By2011,2040,1.1692588304424387,-0.07782044741667415,0.07782044741667415
wide_combined,Chandigarh,By2011,2050,1.0659165028450475,-0.0949643574178789,0.0949643574178789
wide_combined,Chhattisgarh,By2021,2030,2.0108187067956793,-0.017436316820758968,0.017436316820758968
wide_combined,Chhattisgarh,By2021,2040,1.7996792505121633,-0.03138537308850875,0.03138537308850875
wide_combined,Chhattisgarh,By2021,2050,1.6287937793140443,-0.04257571900094348,0.04257571900094348
wide_combined,Dadra & Nagar Haveli and Daman & Diu,By2021,2030,1.795510360069791,-0.02209668168655954,0.02209668168655954
wide_combined,Dadra & Nagar Haveli and Daman & Diu,By2021,2040,1.6306534040607519,-0.028518559689592715,0.028518559689592715
wide_combined,Dadra & Nagar Haveli and Daman & Diu,By2021,2050,1.4972289622788892,-0.04494559077209104,0.04494559077209104
wide_combined,Delhi,By2016,2030,1.2220772855489863,-0.027227404281912726,0.027227404281912726
wide_combined,Delhi,By2016,2040,1.134448654599433,-0.05489125983934806,0.05489125983934806
wide_combined,Delhi,By2016,2050,1.0607029053658934,-0.0797460514554893,0.0797460514554893
wide_combined,Goa,Pre2001,2030,1.2366661821728338,-0.04651810266388701,0.04651810266388701
wide_combined,Goa,Pre2001,2040,1.1349861402186676,-0.07301627672655875,0.07301627672655875
wide_combined,Goa,Pre2001,2050,1.0536397588071287,-0.09694642500542505,0.09694642500542505
wide_combined,Gujarat,By2016,2030,1.6941595960331655,-0.018499169762375534,0.018499169762375534
wide_combined,Gujarat,By2016,2040,1.5044670199794554,-0.04293838540459127,0.04293838540459127
wide_combined,Gujarat,By2016,2050,1.3554695486213815,-0.06056732119123165,0.06056732119123165
wide_combined,Haryana,By2016,2030,1.7481511331210298,-0.02059300104227324,0.02059300104227324
wide_combined,Haryana,By2016,2040,1.541301444560749,-0.03873409011835083,0.03873409011835083
wide_combined,Haryana,By2016,2050,1.380511326309147,-0.06229831233489502,0.06229831233489502
wide_combined,Himachal Pradesh,By2011,2030,1.3931653927399048,-0.032985790056420106,0.032985790056420106
wide_combined,Himachal Pradesh,By2011,2040,1.2312349827280986,-0.06590549382865918,0.06590549382865918
wide_combined,Himachal Pradesh,By2011,2050,1.113046060443152,-0.09294051242552404,0.09294051242552404
wide_combined,Jammu & Kashmir,By2016,2030,1.4033345486640654,-0.027514716581897858,0.027514716581897858
wide_combined,Jammu & Kashmir,By2016,2040,1.2741264438655517,-0.057206224835961716,0.057206224835961716
wide_combined,Jammu & Kashmir,By2016,2050,1.1746450866487574,-0.07795970779366401,0.07795970779366401
wide_combined,Jharkhand,NotYet,2030,2.024566967255522,-0.016717665080534516,0.016717665080534516
wide_combined,Jharkhand,NotYet,2040,1.8196391263772953,-0.03720465539695916,0.03720465539695916
wide_combined,Jharkhand,NotYet,2050,1.648091988865731,-0.05197385448559144,0.05197385448559144
wide_combined,Karnataka,By2011,2030,1.3864797493794199,-0.034614409571560145,0.034614409571560145
wide_combined,Karnataka,By2011,2040,1.225451928812948,-0.06575042994550317,0.06575042994550317
wide_combined,Karnataka,By2011,2050,1.1070051733473987,-0.09405044730101264,0.09405044730101264
wide_combined,Kerala,Pre2001,2030,1.384567841825918,-0.0154621355208584,0.0154621355208584
wide_combined,Kerala,Pre2001,2040,1.2541821051667124,-0.04420144413761484,0.04420144413761484
wide_combined,Kerala,Pre2001,2050,1.1489068025863411,-0.06910622326844829,0.06910622326844829
wide_combined,Ladakh,By2016,2030,1.2038682287711566,-0.03783257125849593,0.03783257125849593
wide_combined,Ladakh,By2016,2040,1.1185345512145808,-0.06504299697644789,0.06504299697644789
wide_combined,Ladakh,By2016,2050,1.04768506563138,-0.09105169376507938,0.09105169376507938
wide_combined,Lakshadweep,By2011,2030,1.3612750998994017,-0.05049603086192178,0.05049603086192178
wide_combined,Lakshadweep,By2011,2040,1.2100752171055662,-0.07176253758889706,0.07176253758889706
wide_combined,Lakshadweep,By2011,2050,1.0970366028939642,-0.09437728718746063,0.09437728718746063
wide_combined,Madhya Pradesh,By2021,2030,2.2250200352296554,-0.012103371808480645,0.012103371808480645
wide_combined,Madhya Pradesh,By2021,2040,1.9711001626113838,-0.02105621409970526,0.02105621409970526
wide_combined,Madhya Pradesh,By2021,2050,1.7629635713875786,-0.04032781242633732,0.04032781242633732
wide_combined,Maharashtra,By2016,2030,1.3619723576205156,-0.027239124538116055,0.027239124538116055
wide_combined,Maharashtra,By2016,2040,1.238278836706349,-0.06134835905938529,0.06134835905938529
wide_combined,Maharashtra,By2016,2050,1.1452951383172953,-0.07967193847866261,0.07967193847866261
wide_combined,Manipur,NotYet,2030,1.428496761957994,-0.04513285373664466,0.04513285373664466
wide_combined,Manipur,NotYet,2040,1.3285735439560409,-0.05997909559527015,0.05997909559527015
wide_combined,Manipur,NotYet,2050,1.247760641607623,-0.07532369144887152,0.07532369144887152
wide_combined,Meghalaya,NotYet,2030,2.179294648479482,-0.02033003638479114,0.02033003638479114
wide_combined,Meghalaya,NotYet,2040,1.9465695142600907,-0.029008280747725657,0.029008280747725657
wide_combined,Meghalaya,NotYet,2050,1.7520551871591619,-0.052029370403543496,0.052029370403543496
wide_combined,Mizoram,By2021,2030,1.4676488818487878,-0.04281598928010544,0.04281598928010544
wide_combined,Mizoram,By2021,2040,1.3565832145463008,-0.05711715287919139,0.05711715287919139
wide_combined,Mizoram,By2021,2050,1.263355644267416,-0.08109282690308617,0.08109282690308617
wide_combined,Nagaland,By2021,2030,1.5364322442784932,-0.04132364642052022,0.04132364642052022
wide_combined,Nagaland,By2021,2040,1.4127566957488167,-0.0621379003674809,0.0621379003674809
wide_combined,Nagaland,By2021,2050,1.3067038782539906,-0.08387172325009917,0.08387172325009917
wide_combined,Odisha,By2016,2030,1.5652073867957046,-0.020890363966741488,0.020890363966741488
wide_combined,Odisha,By2016,2040,1.4082308791009233,-0.036948976100532605,0.036948976100532605
wide_combined,Odisha,By2016,2050,1.2801365415555668,-0.05768382247004267,0.05768382247004267
wide_combined,Puducherry,Pre2001,2030,1.366815934529889,-0.03732878287872943,0.03732878287872943
wide_combined,Puducherry,Pre2001,2040,1.2398847339350334,-0.05623307830031643,0.05623307830031643
wide_combined,Puducherry,Pre2001,2050,1.1390858445047933,-0.07607930791661266,0.07607930791661266
wide_combined,Punjab,By2011,2030,1.3407912476671464,-0.03671847343557855,0.03671847343557855
wide_combined,Punjab,By2011,2040,1.1946631401316299,-0.06602050586738706,0.06602050586738706
wide_combined,Punjab,By2011,2050,1.0867424314177243,-0.09471923094743318,0.09471923094743318
wide_combined,Rajasthan,By2021,2030,2.139544877663743,-0.009259350463033389,0.009259350463033389
wide_combined,Rajasthan,By2021,2040,1.8945351182481367,-0.030355399549155893,0.030355399549155893
wide_combined,Rajasthan,By2021,2050,1.707755028682644,-0.038176201279906063,0.038176201279906063
wide_combined,Sikkim,By2011,2030,1.1168727950081832,-0.05741691345357447,0.05741691345357447
wide_combined,Sikkim,By2011,2040,1.03122479539383,-0.08379332354232427,0.08379332354232427
wide_combined,Sikkim,By2011,2050,0.9653405244445159,-0.10486096657008104,0.10486096657008104
wide_combined,Tamil Nadu,Pre2001,2030,1.2592323906595206,-0.027803573180839702,0.027803573180839702
wide_combined,Tamil Nadu,Pre2001,2040,1.1607278966424084,-0.04353318723972199,0.04353318723972199
wide_combined,Tamil Nadu,Pre2001,2050,1.0746772162375908,-0.07356877969333353,0.07356877969333353
wide_combined,Telangana,By2011,2030,1.3826429697425282,-0.02694245303367837,0.02694245303367837
wide_combined,Telangana,By2011,2040,1.222455577220674,-0.06374102873423149,0.06374102873423149
wide_combined,Telangana,By2011,2050,1.1072679627198738,-0.08231162275680282,0.08231162275680282
wide_combined,Tripura,By2016,2030,1.2882394748813706,-0.04669391300449677,0.04669391300449677
wide_combined,Tripura,By2016,2040,1.1856247989745476,-0.06762336621864629,0.06762336621864629
wide_combined,Tripura,By2016,2050,1.1030371104883105,-0.09068885549207772,0.09068885549207772
wide_combined,Uttar Pradesh,NotYet,2030,2.3711484806392495,-0.003943868457580546,0.003943868457580546
wide_combined,Uttar Pradesh,NotYet,2040,2.0980894015934113,-0.006646810092532096,0.006646810092532096
wide_combined,Uttar Pradesh,NotYet,2050,1.8733900156198153,-0.0302207369572558,0.0302207369572558
wide_combined,Uttarakhand,By2016,2030,1.5883348177732755,-0.02699436158033408,0.02699436158033408
wide_combined,Uttarakhand,By2016,2040,1.4147131278844811,-0.054711526527341015,0.054711526527341015
wide_combined,Uttarakhand,By2016,2050,1.2853498837729815,-0.07098300745666908,0.07098300745666908
wide_combined,West Bengal,By2011,2030,1.2357559810092946,-0.031227295063834593,0.031227295063834593
wide_combined,West Bengal,By2011,2040,1.1172262635033836,-0.06579953814692141,0.06579953814692141
wide_combined,West Bengal,By2011,2050,1.023241728223502,-0.09887140381138426,0.09887140381138426
tight_combined,Andaman & Nicobar Islands,By2011,2030,1.2403959649554603,0.08189833372341138,0.08189833372341138
tight_combined,Andaman & Nicobar Islands,By2011,2040,1.2223888663163376,0.11682920354590998,0.11682920354590998
tight_combined,Andaman & Nicobar Islands,By2011,2050,1.2114789088130538,0.1461265076517142,0.1461265076517142
tight_combined,Andhra Pradesh,By2011,2030,1.4431933809225133,0.04311774806854274,0.04311774806854274
tight_combined,Andhra Pradesh,By2011,2040,1.363451419460377,0.08483037845906694,0.08483037845906694
tight_combined,Andhra Pradesh,By2011,2050,1.310362032759468,0.11745572473613075,0.11745572473613075
tight_combined,Arunachal Pradesh,By2016,2030,1.6474351763373127,0.04291680498599737,0.04291680498599737
tight_combined,Arunachal Pradesh,By2016,2040,1.5307291967707701,0.06794953298769424,0.06794953298769424
tight_combined,Arunachal Pradesh,By2016,2050,1.4499088605596528,0.08963036841950434,0.08963036841950434
tight_combined,Assam,By2021,2030,1.900967362703447,0.014623131656672506,0.014623131656672506
tight_combined,Assam,By2021,2040,1.7538183853722982,0.038425595357213016,0.038425595357213016
tight_combined,Assam,By2021,2050,1.6379266874617917,0.05118638420327137,0.05118638420327137
tight_combined,Bihar,NotYet,2030,2.580627562785935,-0.014584228658461651,0.014584228658461651
tight_combined,Bihar,NotYet,2040,2.2729094046190985,-0.0067815875806704895,0.0067815875806704895
tight_combined,Bihar,NotYet,2050,2.0381374201417466,5.908067711870579e-4,5.908067711870579e-4
tight_combined,Chandigarh,By2011,2030,1.438773816483145,0.08095295542415748,0.08095295542415748
tight_combined,Chandigarh,By2011,2040,1.3591982139501948,0.11211893609108192,0.11211893609108192
tight_combined,Chandigarh,By2011,2050,1.3148038014609442,0.15392294119801786,0.15392294119801786
tight_combined,Chhattisgarh,By2021,2030,2.0335892199665073,0.005334196350069043,0.005334196350069043
tight_combined,Chhattisgarh,By2021,2040,1.8585925858765697,0.02752796227589771,0.02752796227589771
tight_combined,Chhattisgarh,By2021,2050,1.7158573485356443,0.04448785022065649,0.04448785022065649
tight_combined,Dadra & Nagar Haveli and Daman & Diu,By2021,2030,1.8413683988262615,0.023761357069910893,0.023761357069910893
tight_combined,Dadra & Nagar Haveli and Daman & Diu,By2021,2040,1.70194259205577,0.04277062830542544,0.04277062830542544
tight_combined,Dadra & Nagar Haveli and Daman & Diu,By2021,2050,1.6025909206214282,0.06041636757044788,0.06041636757044788
tight_combined,Delhi,By2016,2030,1.2888854789905055,0.0395807891596065,0.0395807891596065
tight_combined,Delhi,By2016,2040,1.2647455506746093,0.07540563623582819,0.07540563623582819
tight_combined,Delhi,By2016,2050,1.2512566310003113,0.11080767417892856,0.11080767417892856
tight_combined,Goa,Pre2001,2030,1.3525441291751246,0.06935984433840381,0.06935984433840381
tight_combined,Goa,Pre2001,2040,1.3056194700125663,0.09761705306733992,0.09761705306733992
tight_combined,Goa,Pre2001,2050,1.2752769865272118,0.12469080271465804,0.12469080271465804
tight_combined,Gujarat,By2016,2030,1.7395109023460236,0.026852136550482575,0.026852136550482575
tight_combined,Gujarat,By2016,2040,1.590204099828463,0.04279869444441631,0.04279869444441631
tight_combined,Gujarat,By2016,2050,1.4962406929574148,0.08020382314480168,0.08020382314480168
tight_combined,Haryana,By2016,2030,1.7984267769335247,0.0296826427702217,0.0296826427702217
tight_combined,Haryana,By2016,2040,1.640160832710681,0.060125298031581176,0.060125298031581176
tight_combined,Haryana,By2016,2050,1.522322911542499,0.07951327289845689,0.07951327289845689
tight_combined,Himachal Pradesh,By2011,2030,1.4682922780837802,0.042141095287455244,0.042141095287455244
tight_combined,Himachal Pradesh,By2011,2040,1.3841119417965573,0.08697146523979948,0.08697146523979948
tight_combined,Himachal Pradesh,By2011,2050,1.3213030201832807,0.11531644731460466,0.11531644731460466
tight_combined,Jammu & Kashmir,By2016,2030,1.4634577009486116,0.032608435702648375,0.032608435702648375
tight_combined,Jammu & Kashmir,By2016,2040,1.3985866814245806,0.06725401272306719,0.06725401272306719
tight_combined,Jammu & Kashmir,By2016,2050,1.347768925463299,0.09516413102087751,0.09516413102087751
tight_combined,Jharkhand,NotYet,2030,2.04222550987734,9.408775412835801e-4,9.408775412835801e-4
tight_combined,Jharkhand,NotYet,2040,1.8667356835147102,0.009891901740455733,0.009891901740455733
tight_combined,Jharkhand,NotYet,2050,1.730897489512541,0.030831646161218584,0.030831646161218584
tight_combined,Karnataka,By2011,2030,1.4650733541546646,0.04397919520368454,0.04397919520368454
tight_combined,Karnataka,By2011,2040,1.3781602684187,0.08695790966024886,0.08695790966024886
tight_combined,Karnataka,By2011,2050,1.3209994443402335,0.11994382369182222,0.11994382369182222
tight_combined,Kerala,Pre2001,2030,1.4344556874324241,0.034425710085647765,0.034425710085647765
tight_combined,Kerala,Pre2001,2040,1.3649440100592276,0.06656046075490041,0.06656046075490041
tight_combined,Kerala,Pre2001,2050,1.3107690590630354,0.09275603320824599,0.09275603320824599
tight_combined,Ladakh,By2016,2030,1.2948454766948319,0.0531446766651793,0.0531446766651793
tight_combined,Ladakh,By2016,2040,1.2699708619980947,0.08639331380706605,0.08639331380706605
tight_combined,Ladakh,By2016,2050,1.2478165536186254,0.10907979422216596,0.10907979422216596
tight_combined,Lakshadweep,By2011,2030,1.486158515782966,0.07438738502164255,0.07438738502164255
tight_combined,Lakshadweep,By2011,2040,1.3983638134620962,0.11652605876763289,0.11652605876763289
tight_combined,Lakshadweep,By2011,2050,1.3304972354572158,0.13908334537579092,0.13908334537579092
tight_combined,Madhya Pradesh,By2021,2030,2.2366097785276775,-5.136285104585525e-4,5.136285104585525e-4
tight_combined,Madhya Pradesh,By2021,2040,2.002862615183667,0.010706238472578011,0.010706238472578011
tight_combined,Madhya Pradesh,By2021,2050,1.8294256253602184,0.026134241546302395,0.026134241546302395
tight_combined,Maharashtra,By2016,2030,1.4243344765000698,0.035122994341438174,0.035122994341438174
tight_combined,Maharashtra,By2016,2040,1.3661199960002262,0.06649280023449178,0.06649280023449178
tight_combined,Maharashtra,By2016,2050,1.3220091517768737,0.09704207498091577,0.09704207498091577
tight_combined,Manipur,NotYet,2030,1.5261908960943567,0.05256128039971797,0.05256128039971797
tight_combined,Manipur,NotYet,2040,1.464202165996992,0.0756495264456809,0.0756495264456809
tight_combined,Manipur,NotYet,2050,1.4129599178661252,0.08987558480963065,0.08987558480963065
tight_combined,Meghalaya,NotYet,2030,2.191449285956851,-0.008175398907422249,0.008175398907422249
tight_combined,Meghalaya,NotYet,2040,1.9847657996134482,0.00918800460563185,0.00918800460563185
tight_combined,Meghalaya,NotYet,2050,1.8220370725624597,0.017952514999754365,0.017952514999754365
tight_combined,Mizoram,By2021,2030,1.549015721990902,0.03855085086200871,0.03855085086200871
tight_combined,Mizoram,By2021,2040,1.479325054269396,0.06562468684390388,0.06562468684390388
tight_combined,Mizoram,By2021,2050,1.4242457230484318,0.07979725187792952,0.07979725187792952
tight_combined,Nagaland,By2021,2030,1.6140302094199543,0.03627431872094089,0.03627431872094089
tight_combined,Nagaland,By2021,2040,1.537542539241339,0.06264794312504152,0.06264794312504152
tight_combined,Nagaland,By2021,2050,1.4631276502959292,0.07255204879183941,0.07255204879183941
tight_combined,Odisha,By2016,2030,1.626542111265607,0.040444360503161025,0.040444360503161025
tight_combined,Odisha,By2016,2040,1.518048504129462,0.07286864892800615,0.07286864892800615
tight_combined,Odisha,By2016,2050,1.44029774553378,0.10247738150817054,0.10247738150817054
tight_combined,Puducherry,Pre2001,2030,1.4520985791115257,0.047953861702907385,0.047953861702907385
tight_combined,Puducherry,Pre2001,2040,1.37292914138586,0.07681132915051014,0.07681132915051014
tight_combined,Puducherry,Pre2001,2050,1.3223118712293873,0.10714671880798132,0.10714671880798132
tight_combined,Punjab,By2011,2030,1.422602859292598,0.04509313818987315,0.04509313818987315
tight_combined,Punjab,By2011,2040,1.3440939634960274,0.08341031749701044,0.08341031749701044
tight_combined,Punjab,By2011,2050,1.2996053095588973,0.11814364719373982,0.11814364719373982
tight_combined,Rajasthan,By2021,2030,2.1595213947512653,0.01071716662448896,0.01071716662448896
tight_combined,Rajasthan,By2021,2040,1.945363047273202,0.020472529475909385,0.020472529475909385
tight_combined,Rajasthan,By2021,2050,1.7884927753717914,0.0425615454092414,0.0425615454092414
tight_combined,Sikkim,By2011,2030,1.248942590896791,0.07465288243503343,0.07465288243503343
tight_combined,Sikkim,By2011,2040,1.2331639235322853,0.118145804596131,0.118145804596131
tight_combined,Sikkim,By2011,2050,1.2185380254703109,0.14833653445571393,0.14833653445571393
tight_combined,Tamil Nadu,Pre2001,2030,1.318692366470838,0.031656402630477753,0.031656402630477753
tight_combined,Tamil Nadu,Pre2001,2040,1.2846277315050765,0.0803666476229461,0.0803666476229461
tight_combined,Tamil Nadu,Pre2001,2050,1.2598319893054502,0.1115859933745258,0.1115859933745258
tight_combined,Telangana,By2011,2030,1.4552610518612137,0.04567562908500711,0.04567562908500711
tight_combined,Telangana,By2011,2040,1.3750952253640691,0.08889861940916366,0.08889861940916366
tight_combined,Telangana,By2011,2050,1.3204187778634924,0.13083919238681574,0.13083919238681574
tight_combined,Tripura,By2016,2030,1.398679203915922,0.06374581603005458,0.06374581603005458
tight_combined,Tripura,By2016,2040,1.3522794388015735,0.0990312736083796,0.0990312736083796
tight_combined,Tripura,By2016,2050,1.313714069992571,0.11998810401218263,0.11998810401218263
tight_combined,Uttar Pradesh,NotYet,2030,2.374199812528972,-8.925365678580377e-4,8.925365678580377e-4
tight_combined,Uttar Pradesh,NotYet,2040,2.1173548911626505,0.01261867947670714,0.01261867947670714
tight_combined,Uttar Pradesh,NotYet,2050,1.9274783180793922,0.023867565502321053,0.023867565502321053
tight_combined,Uttarakhand,By2016,2030,1.6438474495823832,0.028518270228773623,0.028518270228773623
tight_combined,Uttarakhand,By2016,2040,1.528202618439423,0.05877796402760094,0.05877796402760094
tight_combined,Uttarakhand,By2016,2050,1.4443293216801734,0.08799643045052274,0.08799643045052274
tight_combined,West Bengal,By2011,2030,1.323541782937045,0.056558506863915836,0.056558506863915836
tight_combined,West Bengal,By2011,2040,1.2827909908178179,0.09976518916751287,0.09976518916751287
tight_combined,West Bengal,By2011,2050,1.2489753208314376,0.1268621887965513,0.1268621887965513
floor_low,Andaman & Nicobar Islands,By2011,2030,1.135907465697616,-0.022590165534432938,0.022590165534432938
floor_low,Andaman & Nicobar Islands,By2011,2040,1.0682736744114703,-0.037285988358957356,0.037285988358957356
floor_low,Andaman & Nicobar Islands,By2011,2050,1.018811942058961,-0.046540459102378584,0.046540459102378584
floor_low,Andhra Pradesh,By2011,2030,1.3814841499800399,-0.018591482873930643,0.018591482873930643
floor_low,Andhra Pradesh,By2011,2040,1.24381724613313,-0.03480379486818008,0.03480379486818008
floor_low,Andhra Pradesh,By2011,2050,1.1475623389379859,-0.04534396908535143,0.04534396908535143
floor_low,Arunachal Pradesh,By2016,2030,1.593233204929449,-0.011285166421866277,0.011285166421866277
floor_low,Arunachal Pradesh,By2016,2040,1.43857101405739,-0.024208649725685927,0.024208649725685927
floor_low,Arunachal Pradesh,By2016,2050,1.3189796831317684,-0.04129880900838012,0.04129880900838012
floor_low,Assam,By2021,2030,1.8758040837151853,-0.010540147331589145,0.010540147331589145
floor_low,Assam,By2021,2040,1.6986811287657275,-0.016711661249357634,0.016711661249357634
floor_low,Assam,By2021,2050,1.5591624164128501,-0.027577886845670196,0.027577886845670196
floor_low,Bihar,NotYet,2030,2.584757498407568,-0.010454293036828766,0.010454293036828766
floor_low,Bihar,NotYet,2040,2.262841328214782,-0.016849663984987107,0.016849663984987107
floor_low,Bihar,NotYet,2050,2.007644968898756,-0.029901644471803657,0.029901644471803657
floor_low,Chandigarh,By2011,2030,1.3362766110091802,-0.021544250049807312,0.021544250049807312
floor_low,Chandigarh,By2011,2040,1.2096478274586626,-0.03743145040045026,0.03743145040045026
floor_low,Chandigarh,By2011,2050,1.1180501955644573,-0.04283066469846908,0.04283066469846908
floor_low,Chhattisgarh,By2021,2030,2.0196920370436953,-0.008562986572743014,0.008562986572743014
floor_low,Chhattisgarh,By2021,2040,1.8123043539060646,-0.018760269694607423,0.018760269694607423
floor_low,Chhattisgarh,By2021,2050,1.6479723656693144,-0.023397132645673446,0.023397132645673446
floor_low,Dadra & Nagar Haveli and Daman & Diu,By2021,2030,1.8101631882136733,-0.007443853542677292,0.007443853542677292
floor_low,Dadra & Nagar Haveli and Daman & Diu,By2021,2040,1.6425202761496625,-0.01665168760068214,0.01665168760068214
floor_low,Dadra & Nagar Haveli and Daman & Diu,By2021,2050,1.5134623456636755,-0.028712207387304733,0.028712207387304733
floor_low,Delhi,By2016,2030,1.2365078516617685,-0.012796838169130575,0.012796838169130575
floor_low,Delhi,By2016,2040,1.1662574514309751,-0.02308246300780592,0.02308246300780592
floor_low,Delhi,By2016,2050,1.104579623692035,-0.03586933312934759,0.03586933312934759
floor_low,Goa,Pre2001,2030,1.2609372396887721,-0.02224704514794862,0.02224704514794862
floor_low,Goa,Pre2001,2040,1.1710429942992495,-0.03695942264597685,0.03695942264597685
floor_low,Goa,Pre2001,2050,1.1028863387299865,-0.047699845082567194,0.047699845082567194
floor_low,Gujarat,By2016,2030,1.7068384049211245,-0.005820360874416508,0.005820360874416508
floor_low,Gujarat,By2016,2040,1.521484698196022,-0.02592070718802475,0.02592070718802475
floor_low,Gujarat,By2016,2050,1.3819011094024547,-0.03413576041015842,0.03413576041015842
floor_low,Haryana,By2016,2030,1.7613630110948182,-0.007381123068484818,0.007381123068484818
floor_low,Haryana,By2016,2040,1.5626634065271219,-0.01737212815197786,0.01737212815197786
floor_low,Haryana,By2016,2050,1.4131013505773253,-0.02970828806671677,0.02970828806671677
floor_low,Himachal Pradesh,By2011,2030,1.4074279320897616,-0.018723250706563332,0.018723250706563332
floor_low,Himachal Pradesh,By2011,2040,1.263569282032526,-0.03357119452423185,0.03357119452423185
floor_low,Himachal Pradesh,By2011,2050,1.1584744082577116,-0.047512164610964414,0.047512164610964414
floor_low,Jammu & Kashmir,By2016,2030,1.4177671102487,-0.013082154997263284,0.013082154997263284
floor_low,Jammu & Kashmir,By2016,2040,1.3073171094860072,-0.024015559215506244,0.024015559215506244
floor_low,Jammu & Kashmir,By2016,2050,1.2192565604798817,-0.03334823396253972,0.03334823396253972
floor_low,Jharkhand,NotYet,2030,2.0307647847724724,-0.01051984756358415,0.01051984756358415
floor_low,Jharkhand,NotYet,2040,1.8363351781584392,-0.020508603615815302,0.020508603615815302
floor_low,Jharkhand,NotYet,2050,1.6702204338693045,-0.02984540948201797,0.02984540948201797
floor_low,Karnataka,By2011,2030,1.4050973167544398,-0.015996842196540184,0.015996842196540184
floor_low,Karnataka,By2011,2040,1.2598734346147582,-0.03132892414369293,0.03132892414369293
floor_low,Karnataka,By2011,2050,1.1611408377059327,-0.03991478294247863,0.03991478294247863
floor_low,Kerala,Pre2001,2030,1.3904069416600537,-0.009623035686722625,0.009623035686722625
floor_low,Kerala,Pre2001,2040,1.2675298715550656,-0.03085367774926162,0.03085367774926162
floor_low,Kerala,Pre2001,2050,1.1790668232628918,-0.03894620259189763,0.03894620259189763
floor_low,Ladakh,By2016,2030,1.2246057825834207,-0.017095017446231875,0.017095017446231875
floor_low,Ladakh,By2016,2040,1.1529489015069279,-0.030628646684100813,0.030628646684100813
floor_low,Ladakh,By2016,2050,1.0957150050803104,-0.043021754316149075,0.043021754316149075
floor_low,Lakshadweep,By2011,2030,1.389884976359384,-0.021886154401939528,0.021886154401939528
floor_low,Lakshadweep,By2011,2040,1.2461223218649478,-0.0357154328295155,0.0357154328295155
floor_low,Lakshadweep,By2011,2050,1.146689655658997,-0.0447242344224279,0.0447242344224279
floor_low,Madhya Pradesh,By2021,2030,2.229238406613587,-0.007885000424549204,0.007885000424549204
floor_low,Madhya Pradesh,By2021,2040,1.9792218963831636,-0.012934480327925435,0.012934480327925435
floor_low,Madhya Pradesh,By2021,2050,1.778297234635674,-0.024994149178241942,0.024994149178241942
floor_low,Maharashtra,By2016,2030,1.3764712253952895,-0.012740256763342117,0.012740256763342117
floor_low,Maharashtra,By2016,2040,1.2704105087624098,-0.029216687003324582,0.029216687003324582
floor_low,Maharashtra,By2016,2050,1.188625733580099,-0.03634134321585902,0.03634134321585902
floor_low,Manipur,NotYet,2030,1.4560061840216187,-0.01762343167301994,0.01762343167301994
floor_low,Manipur,NotYet,2040,1.364722657971345,-0.023829981579966075,0.023829981579966075
floor_low,Manipur,NotYet,2050,1.2905741435084543,-0.03251018954804019,0.03251018954804019
floor_low,Meghalaya,NotYet,2030,2.1885571197225406,-0.011067565141732683,0.011067565141732683
floor_low,Meghalaya,NotYet,2040,1.9522532009840101,-0.023324594023806267,0.023324594023806267
floor_low,Meghalaya,NotYet,2050,1.7654970035982895,-0.03858755396441582,0.03858755396441582
floor_low,Mizoram,By2021,2030,1.4899213270567824,-0.020543544072110898,0.020543544072110898
floor_low,Mizoram,By2021,2040,1.3870568252960067,-0.026643542129485498,0.026643542129485498
floor_low,Mizoram,By2021,2050,1.306086285340718,-0.038362185829784234,0.038362185829784234
floor_low,Nagaland,By2021,2030,1.5513069279962641,-0.026448962702749323,0.026448962702749323
floor_low,Nagaland,By2021,2040,1.4414088956963393,-0.03348570041995824,0.03348570041995824
floor_low,Nagaland,By2021,2050,1.3497774376032,-0.04079816390088986,0.04079816390088986
floor_low,Odisha,By2016,2030,1.5778241328550262,-0.008273617907419872,0.008273617907419872
floor_low,Odisha,By2016,2040,1.4295608921437593,-0.015618963057696611,0.015618963057696611
floor_low,Odisha,By2016,2050,1.310357282033198,-0.027463081992411542,0.027463081992411542
floor_low,Puducherry,Pre2001,2030,1.3731416248485773,-0.03100309256004108,0.03100309256004108
floor_low,Puducherry,Pre2001,2040,1.2585321148392192,-0.0375856973961306,0.0375856973961306
floor_low,Puducherry,Pre2001,2050,1.169279870842356,-0.04588528157905003,0.04588528157905003
floor_low,Punjab,By2011,2030,1.3605693055261787,-0.01694041557654624,0.01694041557654624
floor_low,Punjab,By2011,2040,1.2276964169587647,-0.0329872290402522,0.0329872290402522
floor_low,Punjab,By2011,2050,1.1317082022785963,-0.04975346008656123,0.04975346008656123
floor_low,Rajasthan,By2021,2030,2.146892186673152,-0.0019120414536244468,0.0019120414536244468
floor_low,Rajasthan,By2021,2040,1.9067432012357255,-0.018147316561567095,0.018147316561567095
floor_low,Rajasthan,By2021,2050,1.7221662793141244,-0.023764950648425653,0.023764950648425653
floor_low,Sikkim,By2011,2030,1.1515275178276723,-0.022762190634085355,0.022762190634085355
floor_low,Sikkim,By2011,2040,1.0831631175782834,-0.031855001357870893,0.031855001357870893
floor_low,Sikkim,By2011,2050,1.0248420857780558,-0.04535940523654114,0.04535940523654114
floor_low,Tamil Nadu,Pre2001,2030,1.2729099218881652,-0.014126041952195134,0.014126041952195134
floor_low,Tamil Nadu,Pre2001,2040,1.180557145996524,-0.02370393788560632,0.02370393788560632
floor_low,Tamil Nadu,Pre2001,2050,1.1144630184529045,-0.03378297747801984,0.03378297747801984
floor_low,Telangana,By2011,2030,1.3946550345309572,-0.014930388245249393,0.014930388245249393
floor_low,Telangana,By2011,2040,1.2547272017952886,-0.031469404159616854,0.031469404159616854
floor_low,Telangana,By2011,2050,1.1567788012082514,-0.032800784268425254,0.032800784268425254
floor_low,Tripura,By2016,2030,1.3117460307027988,-0.023187357183068524,0.023187357183068524
floor_low,Tripura,By2016,2040,1.2226206354437057,-0.030627529749488236,0.030627529749488236
floor_low,Tripura,By2016,2050,1.1491291382741364,-0.04459682770625184,0.04459682770625184
floor_low,Uttar Pradesh,NotYet,2030,2.368349099943015,-0.0067432491538150785,0.0067432491538150785
floor_low,Uttar Pradesh,NotYet,2040,2.098733481974631,-0.006002729711312327,0.006002729711312327
floor_low,Uttar Pradesh,NotYet,2050,1.8863145390920568,-0.01729621348501431,0.01729621348501431
floor_low,Uttarakhand,By2016,2030,1.5992520239740933,-0.01607715537951626,0.01607715537951626
floor_low,Uttarakhand,By2016,2040,1.4461359159514398,-0.023288738460382374,0.023288738460382374
floor_low,Uttarakhand,By2016,2050,1.326461140305022,-0.02987175092462868,0.02987175092462868
floor_low,West Bengal,By2011,2030,1.255499001725815,-0.01148427434731425,0.01148427434731425
floor_low,West Bengal,By2011,2040,1.1548295641936885,-0.02819623745661648,0.02819623745661648
floor_low,West Bengal,By2011,2050,1.0818342088014141,-0.04027892323347215,0.04027892323347215
floor_high,Andaman & Nicobar Islands,By2011,2030,1.1692585156392084,0.010760884407159388,0.010760884407159388
floor_high,Andaman & Nicobar Islands,By2011,2040,1.1252809326681965,0.0197212698977689,0.0197212698977689
floor_high,Andaman & Nicobar Islands,By2011,2050,1.0915630874460016,0.026210686284662055,0.026210686284662055
floor_high,Andhra Pradesh,By2011,2030,1.4019367542501944,0.0018611213962238526,0.0018611213962238526
floor_high,Andhra Pradesh,By2011,2040,1.2884940058226626,0.00987296482135247,0.00987296482135247
floor_high,Andhra Pradesh,By2011,2050,1.2032190228881166,0.010312714864779249,0.010312714864779249
floor_high,Arunachal Pradesh,By2016,2030,1.6189483749127245,0.01443000356140911,0.01443000356140911
floor_high,Arunachal Pradesh,By2016,2040,1.4803243996452535,0.01754473586217764,0.01754473586217764
floor_high,Arunachal Pradesh,By2016,2050,1.3757769313462447,0.01549843920609617,0.01549843920609617
floor_high,Assam,By2021,2030,1.8919961317599414,0.005651900713167013,0.005651900713167013
floor_high,Assam,By2021,2040,1.727918251218156,0.012525461203070742,0.012525461203070742
floor_high,Assam,By2021,2050,1.5980514307596017,0.01131112750108132,0.01131112750108132
floor_high,Bihar,NotYet,2030,2.5951545422460596,-5.7249198337050444e-5,5.7249198337050444e-5
floor_high,Bihar,NotYet,2040,2.2820219623770575,0.0023309701772884495,0.0023309701772884495
floor_high,Bihar,NotYet,2050,2.0425252766174067,0.004978663246847148,0.004978663246847148
floor_high,Chandigarh,By2011,2030,1.3709896266581754,0.013168765599187893,0.013168765599187893
floor_high,Chandigarh,By2011,2040,1.2716554902086914,0.02457621234957852,0.02457621234957852
floor_high,Chandigarh,By2011,2050,1.1968055808280567,0.0359247205651303,0.0359247205651303
floor_high,Chhattisgarh,By2021,2030,2.031427524810283,0.0031725011938448233,0.0031725011938448233
floor_high,Chhattisgarh,By2021,2040,1.838738602114814,0.007673978514141977,0.007673978514141977
floor_high,Chhattisgarh,By2021,2050,1.6843675887188552,0.012998090403867346,0.012998090403867346
floor_high,Dadra & Nagar Haveli and Daman & Diu,By2021,2030,1.8253164800853123,0.00770943832896176,0.00770943832896176
floor_high,Dadra & Nagar Haveli and Daman & Diu,By2021,2040,1.6745469621852185,0.015374998434873888,0.015374998434873888
floor_high,Dadra & Nagar Haveli and Daman & Diu,By2021,2050,1.5532281688924572,0.011053615841476905,0.011053615841476905
floor_high,Delhi,By2016,2030,1.2563161821812723,0.0070114923503732385,0.0070114923503732385
floor_high,Delhi,By2016,2040,1.2023334457013193,0.012993531262538216,0.012993531262538216
floor_high,Delhi,By2016,2050,1.1596035137571903,0.019154556935807587,0.019154556935807587
floor_high,Goa,Pre2001,2030,1.2905472811168686,0.007362996280147804,0.007362996280147804
floor_high,Goa,Pre2001,2040,1.22091618893766,0.012913771992433709,0.012913771992433709
floor_high,Goa,Pre2001,2050,1.1642678638405488,0.01368168002799508,0.01368168002799508
floor_high,Gujarat,By2016,2030,1.7219888084534734,0.009330042657932358,0.009330042657932358
floor_high,Gujarat,By2016,2040,1.5567466729176964,0.009341267533649722,0.009341267533649722
floor_high,Gujarat,By2016,2050,1.4345235716000406,0.018486701787427506,0.018486701787427506
floor_high,Haryana,By2016,2030,1.7749592190609524,0.006215084897649437,0.006215084897649437
floor_high,Haryana,By2016,2040,1.595493051673633,0.015457516994533238,0.015457516994533238
floor_high,Haryana,By2016,2050,1.4612907902626757,0.018481151618633618,0.018481151618633618
floor_high,Himachal Pradesh,By2011,2030,1.4278907143416375,0.0017395315453125892,0.0017395315453125892
floor_high,Himachal Pradesh,By2011,2040,1.313661914254876,0.016521437698118202,0.016521437698118202
floor_high,Himachal Pradesh,By2011,2050,1.2204685505609838,0.014481977692307746,0.014481977692307746
floor_high,Jammu & Kashmir,By2016,2030,1.442947302173831,0.012098036927867817,0.012098036927867817
floor_high,Jammu & Kashmir,By2016,2040,1.344459957849027,0.013127289147513599,0.013127289147513599
floor_high,Jammu & Kashmir,By2016,2050,1.2665042026839495,0.013899408241528022,0.013899408241528022
floor_high,Jharkhand,NotYet,2030,2.0453055558463213,0.00402092351026484,0.00402092351026484
floor_high,Jharkhand,NotYet,2040,1.857881386727298,0.0010376049530436138,0.0010376049530436138
floor_high,Jharkhand,NotYet,2050,1.710663299838838,0.010597456487515533,0.010597456487515533
floor_high,Karnataka,By2011,2030,1.4266821797785383,0.005588020827558271,0.005588020827558271
floor_high,Karnataka,By2011,2040,1.3061844838302357,0.014982125071784536,0.014982125071784536
floor_high,Karnataka,By2011,2050,1.2237965576626508,0.022740937014239515,0.022740937014239515
floor_high,Kerala,Pre2001,2030,1.4089043259496608,0.008874348602884385,0.008874348602884385
floor_high,Kerala,Pre2001,2040,1.3033633443093224,0.0049797950049952355,0.0049797950049952355
floor_high,Kerala,Pre2001,2050,1.229721778953405,0.01170875309861552,0.01170875309861552
floor_high,Ladakh,By2016,2030,1.251694282725647,0.009993482695994427,0.009993482695994427
floor_high,Ladakh,By2016,2040,1.1940218617522262,0.010444313561197571,0.010444313561197571
floor_high,Ladakh,By2016,2050,1.152393451054735,0.013656691658275433,0.013656691658275433
floor_high,Lakshadweep,By2011,2030,1.428910278925589,0.01713914816426554,0.01713914816426554
floor_high,Lakshadweep,By2011,2040,1.3061552605645335,0.0243175058700702,0.0243175058700702
floor_high,Lakshadweep,By2011,2050,1.2210504237031499,0.029636533621725025,0.029636533621725025
floor_high,Madhya Pradesh,By2021,2030,2.243936547263222,0.006813140225085945,0.006813140225085945
floor_high,Madhya Pradesh,By2021,2040,2.000334257032612,0.008177880321523112,0.008177880321523112
floor_high,Madhya Pradesh,By2021,2050,1.8090316723432132,0.0057402885292971995,0.0057402885292971995
floor_high,Maharashtra,By2016,2030,1.3927641985956392,0.003552716437007497,0.003552716437007497
floor_high,Maharashtra,By2016,2040,1.3102990610075709,0.010671865241836498,0.010671865241836498
floor_high,Maharashtra,By2016,2050,1.245691350438952,0.020724273642994007,0.020724273642994007
floor_high,Manipur,NotYet,2030,1.4880134545198949,0.014383838825256179,0.014383838825256179
floor_high,Manipur,NotYet,2040,1.4081305837517508,0.01957794420043979,0.01957794420043979
floor_high,Manipur,NotYet,2050,1.3428088741612316,0.019724541104737092,0.019724541104737092
floor_high,Meghalaya,NotYet,2030,2.204782789261278,0.0051581043970045926,0.0051581043970045926
floor_high,Meghalaya,NotYet,2040,1.9835704389208408,0.007992643913024455,0.007992643913024455
floor_high,Meghalaya,NotYet,2050,1.8136707616705594,0.009586204107854046,0.009586204107854046
floor_high,Mizoram,By2021,2030,1.519136793652329,0.008671922523435738,0.008671922523435738
floor_high,Mizoram,By2021,2040,1.4276325562707664,0.01393218884527414,0.01393218884527414
floor_high,Mizoram,By2021,2050,1.356122301796047,0.011673830625544834,0.011673830625544834
floor_high,Nagaland,By2021,2030,1.5826525744505764,0.004896683751562936,0.004896683751562936
floor_high,Nagaland,By2021,2040,1.47975457742551,0.004859981309212502,0.004859981309212502
floor_high,Nagaland,By2021,2050,1.4005813073470628,0.010005705842973,0.010005705842973
floor_high,Odisha,By2016,2030,1.596931828045212,0.010834077282765975,0.010834077282765975
floor_high,Odisha,By2016,2040,1.4602947178577934,0.015114862656337547,0.015114862656337547
floor_high,Odisha,By2016,2050,1.3629777039657416,0.02515733994013214,0.02515733994013214
floor_high,Puducherry,Pre2001,2030,1.4150768268483265,0.010932109439708126,0.010932109439708126
floor_high,Puducherry,Pre2001,2040,1.3081602294790433,0.012042417243693482,0.012042417243693482
floor_high,Puducherry,Pre2001,2050,1.2320381112025354,0.016872958781129377,0.016872958781129377
floor_high,Punjab,By2011,2030,1.3835977004158853,0.006087979313160297,0.006087979313160297
floor_high,Punjab,By2011,2040,1.2690591045603408,0.008375458561323823,0.008375458561323823
floor_high,Punjab,By2011,2050,1.196229070451102,0.014767408085944567,0.014767408085944567
floor_high,Rajasthan,By2021,2030,2.155227794250462,0.0064235661236855535,0.0064235661236855535
floor_high,Rajasthan,By2021,2040,1.9391235551298043,0.014233037332511689,0.014233037332511689
floor_high,Rajasthan,By2021,2050,1.7654054544691884,0.019474224506638382,0.019474224506638382
floor_high,Sikkim,By2011,2030,1.1856369056636855,0.011347197201927894,0.011347197201927894
floor_high,Sikkim,By2011,2040,1.1360633508868432,0.02104523195068886,0.02104523195068886
floor_high,Sikkim,By2011,2050,1.1035898133776216,0.03338832236302469,0.03338832236302469
floor_high,Tamil Nadu,Pre2001,2030,1.2936397726537927,0.006603808813432366,0.006603808813432366
floor_high,Tamil Nadu,Pre2001,2040,1.2172880275451186,0.013026943662988177,0.013026943662988177
floor_high,Tamil Nadu,Pre2001,2050,1.1659648822458455,0.017718886314921134,0.017718886314921134
floor_high,Telangana,By2011,2030,1.4123558732209807,0.0027704504447740863,0.0027704504447740863
floor_high,Telangana,By2011,2040,1.2938047861462283,0.007608180191322811,0.007608180191322811
floor_high,Telangana,By2011,2050,1.2080734924496204,0.01849390697294373,0.01849390697294373
floor_high,Tripura,By2016,2030,1.3428335145667631,0.007900126680895792,0.007900126680895792
floor_high,Tripura,By2016,2040,1.2701283076891317,0.016880142495937722,0.016880142495937722
floor_high,Tripura,By2016,2050,1.213796069319876,0.020070103339487666,0.020070103339487666
floor_high,Uttar Pradesh,NotYet,2030,2.3832947147222794,0.008202365625449293,0.008202365625449293
floor_high,Uttar Pradesh,NotYet,2040,2.1218815040754286,0.017145292389485256,0.017145292389485256
floor_high,Uttar Pradesh,NotYet,2050,1.9154392325520115,0.011828479974940409,0.011828479974940409
floor_high,Uttarakhand,By2016,2030,1.6198408197541165,0.004511640400507,0.004511640400507
floor_high,Uttarakhand,By2016,2040,1.4827089488055378,0.013284294393715701,0.013284294393715701
floor_high,Uttarakhand,By2016,2050,1.3800147625777477,0.023681871348097072,0.023681871348097072
floor_high,West Bengal,By2011,2030,1.2798316562570489,0.01284838018391965,0.01284838018391965
floor_high,West Bengal,By2011,2040,1.200048698620888,0.017022896970583012,0.017022896970583012
floor_high,West Bengal,By2011,2050,1.1407525570671164,0.01863942503223015,0.01863942503223015
