regime,state,group,year,ci90_width,width_pct_change_vs_main
main,Andaman & Nicobar Islands,By2011,2030,0.443250124834048,0
main,Andaman & Nicobar Islands,By2011,2040,0.5045034589650437,0
main,Andaman & Nicobar Islands,By2011,2050,0.5464221155585226,0
main,Andhra Pradesh,By2011,2030,0.4293033318168331,0
main,Andhra Pradesh,By2011,2040,0.533308403609406,0
main,Andhra Pradesh,By2011,2050,0.5565593731128254,0
main,Arunachal Pradesh,By2016,2030,0.5596232653813076,0
main,Arunachal Pradesh,By2016,2040,0.6222976813501451,0
main,Arunachal Pradesh,By2016,2050,0.619431160767526,0
main,Assam,By2021,2030,0.45215466359694734,0
main,Assam,By2021,2040,0.5754945059071443,0
main,Assam,By2021,2050,0.6221526350478703,0
main,Bihar,NotYet,2030,0.6319510161943711,0
main,Bihar,NotYet,2040,0.7535909685239985,0
main,Bihar,NotYet,2050,0.7879321762866067,0
main,Chandigarh,By2011,2030,0.5358689302596222,0
main,Chandigarh,By2011,2040,0.567980821846484,0
main,Chandigarh,By2011,2050,0.5756797772283956,0
main,Chhattisgarh,By2021,2030,0.48457445247706876,0
main,Chhattisgarh,By2021,2040,0.6246745961049212,0
main,Chhattisgarh,By2021,2050,0.6724655620616935,0
main,Dadra & Nagar Haveli and Daman & Diu,By2021,2030,0.583181847287044,0
main,Dadra & Nagar Haveli and Daman & Diu,By2021,2040,0.6428817792302897,0
main,Dadra & Nagar Haveli and Daman & Diu,By2021,2050,0.6635169559569944,0
main,Delhi,By2016,2030,0.33589895818437765,0
main,Delhi,By2016,2040,0.43759962772894034,0
main,Delhi,By2016,2050,0.49645882607738956,0
main,Goa,Pre2001,2030,0.4669082935848896,0
main,Goa,Pre2001,2040,0.5229132615740754,0
main,Goa,Pre2001,2050,0.5584330169224115,0
main,Gujarat,By2016,2030,0.4601567059754159,0
main,Gujarat,By2016,2040,0.5740265877999886,0
main,Gujarat,By2016,2050,0.6077978277750977,0
main,Haryana,By2016,2030,0.48106611302567615,0
main,Haryana,By2016,2040,0.6006193784580491,0
main,Haryana,By2016,2050,0.6253567717916304,0
main,Himachal Pradesh,By2011,2030,0.43499277884212484,0
main,Himachal Pradesh,By2011,2040,0.5323107107981648,0
main,Himachal Pradesh,By2011,2050,0.564231402076174,0
main,Jammu & Kashmir,By2016,2030,0.3802379250745265,0
main,Jammu & Kashmir,By2016,2040,0.5008692778142434,0
main,Jammu & Kashmir,By2016,2050,0.5399835454778044,0
main,Jharkhand,NotYet,2030,0.49223367283899844,0
main,Jharkhand,NotYet,2040,0.6298528521564244,0
main,Jharkhand,NotYet,2050,0.6758125159279178,0
main,Karnataka,By2011,2030,0.4408852240611991,0
main,Karnataka,By2011,2040,0.5251987986966062,0
main,Karnataka,By2011,2050,0.5557090987654302,0
main,Kerala,Pre2001,2030,0.40498451691821846,0
main,Kerala,Pre2001,2040,0.5014615677775378,0
main,Kerala,Pre2001,2050,0.5480215970251913,0
main,Ladakh,By2016,2030,0.3852527698472714,0
main,Ladakh,By2016,2040,0.4743482756155304,0
main,Ladakh,By2016,2050,0.5157395896186274,0
main,Lakshadweep,By2011,2030,0.5383501392314429,0
main,Lakshadweep,By2011,2040,0.6008592533565407,0
main,Lakshadweep,By2011,2050,0.5919780228991641,0
main,Madhya Pradesh,By2021,2030,0.5393943290227321,0
main,Madhya Pradesh,By2021,2040,0.679599711676055,0
main,Madhya Pradesh,By2021,2050,0.7089612319715197,0
main,Maharashtra,By2016,2030,0.37084103526406054,0
main,Maharashtra,By2016,2040,0.4894838737199392,0
main,Maharashtra,By2016,2050,0.5379655461752565,0
main,Manipur,NotYet,2030,0.48846520327802145,0
main,Manipur,NotYet,2040,0.5462385671996539,0
main,Manipur,NotYet,2050,0.576578297079051,0
main,Meghalaya,NotYet,2030,0.6975806747632576,0
main,Meghalaya,NotYet,2040,0.7431761038313087,0
main,Meghalaya,NotYet,2050,0.7587303115107513,0
main,Mizoram,By2021,2030,0.4850025577472794,0
main,Mizoram,By2021,2040,0.5513850877822073,0
main,Mizoram,By2021,2050,0.5889690714753948,0
main,Nagaland,By2021,2030,0.5135865627619234,0
main,Nagaland,By2021,2040,0.5615419143464222,0
main,Nagaland,By2021,2050,0.5774744746903138,0
main,Odisha,By2016,2030,0.4259989773005437,0
main,Odisha,By2016,2040,0.5317486055556657,0
main,Odisha,By2016,2050,0.5785346530897395,0
main,Puducherry,Pre2001,2030,0.5279513851242688,0
main,Puducherry,Pre2001,2040,0.5645857088262687,0
main,Puducherry,Pre2001,2050,0.5863100523934766,0
main,Punjab,By2011,2030,0.41238280747001155,0
main,Punjab,By2011,2040,0.5163265140015334,0
main,Punjab,By2011,2050,0.5513935540702545,0
main,Rajasthan,By2021,2030,0.5366453893913392,0
main,Rajasthan,By2021,2040,0.649736205540433,0
main,Rajasthan,By2021,2050,0.6967270612363254,0
main,Sikkim,By2011,2030,0.4429339419568761,0
main,Sikkim,By2011,2040,0.5091950975423647,0
main,Sikkim,By2011,2050,0.5416582682355701,0
main,Tamil Nadu,Pre2001,2030,0.37729967566364975,0
main,Tamil Nadu,Pre2001,2040,0.46538764544089684,0
main,Tamil Nadu,Pre2001,2050,0.5156386252365871,0
main,Telangana,By2011,2030,0.4291530349698838,0
main,Telangana,By2011,2040,0.5206146807960861,0
main,Telangana,By2011,2050,0.5639170316015238,0
main,Tripura,By2016,2030,0.4614847004234126,0
main,Tripura,By2016,2040,0.5180091902999768,0
main,Tripura,By2016,2050,0.5564539738027227,0
main,Uttar Pradesh,NotYet,2030,0.5619057095110698,0
main,Uttar Pradesh,NotYet,2040,0.6912348180538808,0
main,Uttar Pradesh,NotYet,2050,0.7271915683847752,0
main,Uttarakhand,By2016,2030,0.43410331565283733,0
main,Uttarakhand,By2016,2040,0.5409958470593978,0
main,Uttarakhand,By2016,2050,0.580400570175464,0
main,West Bengal,By2011,2030,0.3920313889058131,0
main,West Bengal,By2011,2040,0.4977115006681502,0
main,West Bengal,By2011,2050,0.5251093060938093,0
wide_combined,Andaman & Nicobar Islands,By2011,2030,0.4254467786735028,-4.016546225951043
wide_combined,Andaman & Nicobar Islands,By2011,2040,0.4875368541017647,-3.363030433544468
wide_combined,Andaman & Nicobar Islands,By2011,2050,0.5156643719226871,-5.628934620334067
wide_combined,Andhra Pradesh,By2011,2030,0.41245920453582974,-3.923595749820573
wide_combined,Andhra Pradesh,By2011,2040,0.5165884299429861,-3.135141609106452
wide_combined,Andhra Pradesh,By2011,2050,0.5478585980519419,-1.5633148018369099
wide_combined,Arunachal Pradesh,By2016,2030,0.5549348881908243,-0.8377738168710377
wide_combined,Arunachal Pradesh,By2016,2040,0.6116201493138524,-1.7158238502715477
wide_combined,Arunachal Pradesh,By2016,2050,0.6129312099401738,-1.04934191868847
wide_combined,Assam,By2021,2030,0.4512881322182867,-0.1916449056982617
wide_combined,Assam,By2021,2040,0.5735597199657692,-0.3361953800628239
wide_combined,Assam,By2021,2050,0.6388910170228352,2.6903979878952065
wide_combined,Bihar,NotYet,2030,0.6150034214457283,-2.68178930238957
wide_combined,Bihar,NotYet,2040,0.77411548540922,2.7235619510437226
wide_combined,Bihar,NotYet,2050,0.8449617690523965,7.237880934696786
wide_combined,Chandigarh,By2011,2030,0.5058010024647714,-5.6110601113379035
wide_combined,Chandigarh,By2011,2040,0.5532372214585739,-2.5957919388861113
wide_combined,Chandigarh,By2011,2050,0.5714858254964987,-0.7285216361235733
wide_combined,Chhattisgarh,By2021,2030,0.4775539275345464,-1.4488021204243313
wide_combined,Chhattisgarh,By2021,2040,0.5970823805807011,-4.417054206504928
wide_combined,Chhattisgarh,By2021,2050,0.6684359447352746,-0.5992302883235598
wide_combined,Dadra & Nagar Haveli and Daman & Diu,By2021,2030,0.5959734281879647,2.1934120481333563
wide_combined,Dadra & Nagar Haveli and Daman & Diu,By2021,2040,0.6434528156104105,0.08882447730972935
wide_combined,Dadra & Nagar Haveli and Daman & Diu,By2021,2050,0.6702039230274752,1.007806509004148
wide_combined,Delhi,By2016,2030,0.3309762996340371,-1.465517659521435
wide_combined,Delhi,By2016,2040,0.42695801390919785,-2.4318150988771317
wide_combined,Delhi,By2016,2050,0.4766613511103628,-3.9877375377632385
wide_combined,Goa,Pre2001,2030,0.4517660230463707,-3.2430930755711365
wide_combined,Goa,Pre2001,2040,0.5072698141785814,-2.991595078006625
wide_combined,Goa,Pre2001,2050,0.529877074858409,-5.113584118177263
wide_combined,Gujarat,By2016,2030,0.4662900103974088,1.3328729848654135
wide_combined,Gujarat,By2016,2040,0.5636794318577454,-1.8025569132432842
wide_combined,Gujarat,By2016,2050,0.6002533938898462,-1.2412735848149745
wide_combined,Haryana,By2016,2030,0.4827306801702469,0.3460162957855039
wide_combined,Haryana,By2016,2040,0.5916494592151811,-1.4934448611858375
wide_combined,Haryana,By2016,2050,0.6266868835676935,0.21269646960924254
wide_combined,Himachal Pradesh,By2011,2030,0.4369537211685053,0.45079882282187106
wide_combined,Himachal Pradesh,By2011,2040,0.517917586459099,-2.7038953090919904
wide_combined,Himachal Pradesh,By2011,2050,0.5467690234159258,-3.09489663212517
wide_combined,Jammu & Kashmir,By2016,2030,0.3884493153500368,2.1595400495363246
wide_combined,Jammu & Kashmir,By2016,2040,0.4817266407437797,-3.8218828581383084
wide_combined,Jammu & Kashmir,By2016,2050,0.5373727292266355,-0.4834992238251814
wide_combined,Jharkhand,NotYet,2030,0.4864008572325076,-1.1849688325566192
wide_combined,Jharkhand,NotYet,2040,0.6019963222094269,-4.422704422409969
wide_combined,Jharkhand,NotYet,2050,0.6656226519145294,-1.5077945100494774
wide_combined,Karnataka,By2011,2030,0.43348420065126825,-1.6786734973235438
wide_combined,Karnataka,By2011,2040,0.5440429621999973,3.58800582753747
wide_combined,Karnataka,By2011,2050,0.5525522223665582,-0.5680807469025286
wide_combined,Kerala,Pre2001,2030,0.3829475174674588,-5.441442457714932
wide_combined,Kerala,Pre2001,2040,0.5032999276516295,0.36660035229403487
wide_combined,Kerala,Pre2001,2050,0.5441158862788246,-0.7126928514438019
wide_combined,Ladakh,By2016,2030,0.3833844883214039,-0.48494953757454995
wide_combined,Ladakh,By2016,2040,0.4722719180567765,-0.43772849306968664
wide_combined,Ladakh,By2016,2050,0.501262549752895,-2.807044515709518
wide_combined,Lakshadweep,By2011,2030,0.5424412389389168,0.7599328781291703
wide_combined,Lakshadweep,By2011,2040,0.5928640224124078,-1.3306329060374236
wide_combined,Lakshadweep,By2011,2050,0.5922096999076699,0.03913608268279515
wide_combined,Madhya Pradesh,By2021,2030,0.5371691649013068,-0.4125301290165184
wide_combined,Madhya Pradesh,By2021,2040,0.6826107027873309,0.44305361811441524
wide_combined,Madhya Pradesh,By2021,2050,0.7287224643988905,2.7873502155283814
wide_combined,Maharashtra,By2016,2030,0.3723459342542448,0.40580702971899224
wide_combined,Maharashtra,By2016,2040,0.4786077367340045,-2.2219602258352524
wide_combined,Maharashtra,By2016,2050,0.5153600521232631,-4.202033794303451
wide_combined,Manipur,NotYet,2030,0.46373630591205073,-5.062570926243787
wide_combined,Manipur,NotYet,2040,0.5273064293437857,-3.465910133904624
wide_combined,Manipur,NotYet,2050,0.5631540238493771,-2.328265440735686
wide_combined,Meghalaya,NotYet,2030,0.7018064020723369,0.6057689758268379
wide_combined,Meghalaya,NotYet,2040,0.7666695936037753,3.161227823573736
wide_combined,Meghalaya,NotYet,2050,0.7908977483541937,4.239640403899501
wide_combined,Mizoram,By2021,2030,0.49285450490542826,1.6189496390739184
wide_combined,Mizoram,By2021,2040,0.546490204788868,-0.8877430858762594
wide_combined,Mizoram,By2021,2050,0.5842078359354153,-0.8084016242232246
wide_combined,Nagaland,By2021,2030,0.5109177234796849,-0.519647412090812
wide_combined,Nagaland,By2021,2040,0.5667456111802911,0.926680039534622
wide_combined,Nagaland,By2021,2050,0.5977884050021911,3.5177191723965344
wide_combined,Odisha,By2016,2030,0.42762300821258403,0.3812288288416644
wide_combined,Odisha,By2016,2040,0.5280499378553363,-0.6955669768921016
wide_combined,Odisha,By2016,2050,0.5644998279698012,-2.425926441049546
wide_combined,Puducherry,Pre2001,2030,0.49326396125635075,-6.5701927952615025
wide_combined,Puducherry,Pre2001,2040,0.5441921627666366,-3.612125801417948
wide_combined,Puducherry,Pre2001,2050,0.5719640069306449,-2.446836004988699
wide_combined,Punjab,By2011,2030,0.4060191688663637,-1.5431386780377894
wide_combined,Punjab,By2011,2040,0.4983652353167696,-3.4786667346528097
wide_combined,Punjab,By2011,2050,0.5346186751244528,-3.0422696859572502
wide_combined,Rajasthan,By2021,2030,0.5194238733450971,-3.209105376974296
wide_combined,Rajasthan,By2021,2040,0.6462993795016119,-0.5289571382223434
wide_combined,Rajasthan,By2021,2050,0.6773221831036083,-2.7851477590498197
wide_combined,Sikkim,By2011,2030,0.45770778701174797,3.335451103521497
wide_combined,Sikkim,By2011,2040,0.5088324196286371,-0.07122572771773338
wide_combined,Sikkim,By2011,2050,0.5315938768036333,-1.858070304127557
wide_combined,Tamil Nadu,Pre2001,2030,0.3690247977096164,-2.193184486437287
wide_combined,Tamil Nadu,Pre2001,2040,0.4695011436054003,0.8838864127143797
wide_combined,Tamil Nadu,Pre2001,2050,0.49782629688581514,-3.4544208829583396
wide_combined,Telangana,By2011,2030,0.41870036127579424,-2.4356518170314367
wide_combined,Telangana,By2011,2040,0.5297140030770573,1.747803628406558
wide_combined,Telangana,By2011,2050,0.5637712884996777,-0.025844777454620996
wide_combined,Tripura,By2016,2030,0.4675493271202491,1.3141555269919445
wide_combined,Tripura,By2016,2040,0.5110126673975135,-1.3506561338055945
wide_combined,Tripura,By2016,2050,0.5412544250529475,-2.7315015195064043
wide_combined,Uttar Pradesh,NotYet,2030,0.5686119302018904,1.1934779407484366
wide_combined,Uttar Pradesh,NotYet,2040,0.7330492996771643,6.049244125318947
wide_combined,Uttar Pradesh,NotYet,2050,0.7858000477143601,8.059565302684272
wide_combined,Uttarakhand,By2016,2030,0.4320721713813802,-0.4678942081800345
wide_combined,Uttarakhand,By2016,2040,0.5443412162243042,0.6183724298606406
wide_combined,Uttarakhand,By2016,2050,0.567802893620323,-2.1705141590974866
wide_combined,West Bengal,By2011,2030,0.3817446307409331,-2.623962890724404
wide_combined,West Bengal,By2011,2040,0.46727171995349304,-6.115948832565335
wide_combined,West Bengal,By2011,2050,0.5049794398627857,-3.8334620996847266
tight_combined,Andaman & Nicobar Islands,By2011,2030,0.45978271595784337,3.729855943071673
tight_combined,Andaman & Nicobar Islands,By2011,2040,0.5247345727650375,4.010104081644296
tight_combined,Andaman & Nicobar Islands,By2011,2050,0.551840750641346,0.9916573521708092
tight_combined,Andhra Pradesh,By2011,2030,0.4338352484732544,1.0556444174896054
tight_combined,Andhra Pradesh,By2011,2040,0.5463999853641563,2.4547863236632184
tight_combined,Andhra Pradesh,By2011,2050,0.5839659403087316,4.9242845453526
tight_combined,Arunachal Pradesh,By2016,2030,0.5654638798685878,1.043668991013204
tight_combined,Arunachal Pradesh,By2016,2040,0.6112114827377697,-1.7814944430328914
tight_combined,Arunachal Pradesh,By2016,2050,0.6402447767909114,3.3601176921089353
tight_combined,Assam,By2021,2030,0.4654462992631798,2.939621491570129
tight_combined,Assam,By2021,2040,0.5854078018410833,1.7225700388421212
tight_combined,Assam,By2021,2050,0.6238528372599981,0.27327734648217394
tight_combined,Bihar,NotYet,2030,0.621852832326359,-1.5979377529644103
tight_combined,Bihar,NotYet,2040,0.7493845797337793,-0.5581792996349225
tight_combined,Bihar,NotYet,2050,0.7949744398511978,0.8937651966162939
tight_combined,Chandigarh,By2011,2030,0.5420317313936704,1.1500575581163863
tight_combined,Chandigarh,By2011,2040,0.5863622566731177,3.236277374098009
tight_combined,Chandigarh,By2011,2050,0.6116977693449546,6.256601941094273
tight_combined,Chhattisgarh,By2021,2030,0.5128661789059705,5.838468430244081
tight_combined,Chhattisgarh,By2021,2040,0.627287874414604,0.41834233791122544
tight_combined,Chhattisgarh,By2021,2050,0.6641648204797164,-1.2343742267675566
tight_combined,Dadra & Nagar Haveli and Daman & Diu,By2021,2030,0.5867518900502098,0.6121663045195167
tight_combined,Dadra & Nagar Haveli and Daman & Diu,By2021,2040,0.645971424520366,0.4805930716803883
tight_combined,Dadra & Nagar Haveli and Daman & Diu,By2021,2050,0.649656070294433,-2.0890024796080544
tight_combined,Delhi,By2016,2030,0.3485222554638565,3.7580638379205187
tight_combined,Delhi,By2016,2040,0.4639510148983981,6.021802922049195
tight_combined,Delhi,By2016,2050,0.5209163019855063,4.926385557763101
tight_combined,Goa,Pre2001,2030,0.49850272238825255,6.7667311198914675
tight_combined,Goa,Pre2001,2040,0.5636338910537895,7.787262720615791
tight_combined,Goa,Pre2001,2050,0.5727188684422433,2.5582032377961315
tight_combined,Gujarat,By2016,2030,0.4774436396663966,3.756749269650811
tight_combined,Gujarat,By2016,2040,0.5846451644477271,1.8498405602491632
tight_combined,Gujarat,By2016,2050,0.6162618087320848,1.392565187008038
tight_combined,Haryana,By2016,2030,0.4960507948710251,3.114890332038244
tight_combined,Haryana,By2016,2040,0.6044566444740282,0.6388848168419745
tight_combined,Haryana,By2016,2050,0.6259394491678683,0.09317519254944581
tight_combined,Himachal Pradesh,By2011,2030,0.45424392196652086,4.425623610497447
tight_combined,Himachal Pradesh,By2011,2040,0.5379976812877292,1.0683554499658874
tight_combined,Himachal Pradesh,By2011,2050,0.5908440652916396,4.716622137218939
tight_combined,Jammu & Kashmir,By2016,2030,0.3996846191530592,5.1143488842469305
tight_combined,Jammu & Kashmir,By2016,2040,0.5155713521582554,2.9353116661838032
tight_combined,Jammu & Kashmir,By2016,2050,0.5545501438441605,2.6976004154842985
tight_combined,Jharkhand,NotYet,2030,0.5005256821404025,1.6845676675427765
tight_combined,Jharkhand,NotYet,2040,0.6141792823707426,-2.4884494421229126
tight_combined,Jharkhand,NotYet,2050,0.6660819100712718,-1.4398380656335532
tight_combined,Karnataka,By2011,2030,0.44828038414939053,1.6773435997857098
tight_combined,Karnataka,By2011,2040,0.5472202893914775,4.192981924087091
tight_combined,Karnataka,By2011,2050,0.5796073947414511,4.300504711748219
tight_combined,Kerala,Pre2001,2030,0.44019034495310283,8.693129382522478
tight_combined,Kerala,Pre2001,2040,0.5476700304956434,9.21475656108605
tight_combined,Kerala,Pre2001,2050,0.5886583432354286,7.415172400289438
tight_combined,Ladakh,By2016,2030,0.4092659316940781,6.2330925891399565
tight_combined,Ladakh,By2016,2040,0.49925488046943034,5.250699988648698
tight_combined,Ladakh,By2016,2050,0.5420796016012359,5.107230957795206
tight_combined,Lakshadweep,By2011,2030,0.5501097746951404,2.184384215166314
tight_combined,Lakshadweep,By2011,2040,0.6113643196084197,1.7483405961038825
tight_combined,Lakshadweep,By2011,2050,0.6178667784029206,4.373262942595132
tight_combined,Madhya Pradesh,By2021,2030,0.5502309368945191,2.0090325924302177
tight_combined,Madhya Pradesh,By2021,2040,0.67389153474783825,-0.8399322174724095
tight_combined,Madhya Pradesh,By2021,2050,0.721168384414121,1.7218363842907098
tight_combined,Maharashtra,By2016,2030,0.39374788264314664,6.176999091477319
tight_combined,Maharashtra,By2016,2040,0.5153191131940329,5.278057329601729
tight_combined,Maharashtra,By2016,2050,0.5506192523416902,2.35214062617895
tight_combined,Manipur,NotYet,2030,0.503332860234809,3.0437494538019987
tight_combined,Manipur,NotYet,2040,0.5622199496768856,2.9257147768166254
tight_combined,Manipur,NotYet,2050,0.5937646840627797,2.9807550979277404
tight_combined,Meghalaya,NotYet,2030,0.6872756288744857,-1.4772550705005112
tight_combined,Meghalaya,NotYet,2040,0.732733574387157,-1.4051217995730942
tight_combined,Meghalaya,NotYet,2050,0.7411113045834972,-2.3221699014728885
tight_combined,Mizoram,By2021,2030,0.4825563201432834,-0.5043762274900506
tight_combined,Mizoram,By2021,2040,0.5573353023222438,1.0791395472753178
tight_combined,Mizoram,By2021,2050,0.591424354945135,0.4168781670639551
tight_combined,Nagaland,By2021,2030,0.5194409727223643,1.1399071519623862
tight_combined,Nagaland,By2021,2040,0.5879228062511654,4.697938164677862
tight_combined,Nagaland,By2021,2050,0.6013582752573154,4.1359058475805375
tight_combined,Odisha,By2016,2030,0.43270491881213147,1.5741684531924829
tight_combined,Odisha,By2016,2040,0.5483698130931076,3.125764198304403
tight_combined,Odisha,By2016,2050,0.6021542375953037,4.082656826072694
tight_combined,Puducherry,Pre2001,2030,0.5405487442597219,2.386083167958347
tight_combined,Puducherry,Pre2001,2040,0.5749539357363951,1.836430987897509
tight_combined,Puducherry,Pre2001,2050,0.5995807890820932,2.263433252498729
tight_combined,Punjab,By2011,2030,0.4289915564188125,4.027507608936563
tight_combined,Punjab,By2011,2040,0.5380584544114491,4.20895302112088
tight_combined,Punjab,By2011,2050,0.5752496915589471,4.326517296510338
tight_combined,Rajasthan,By2021,2030,0.5308501027366821,-1.0799098937997222
tight_combined,Rajasthan,By2021,2040,0.6434407866080976,-0.9689192134674208
tight_combined,Rajasthan,By2021,2050,0.6912525258464262,-0.7857503597154459
tight_combined,Sikkim,By2011,2030,0.4629102921527841,4.510006640640995
tight_combined,Sikkim,By2011,2040,0.5446997704924537,6.972705181462397
tight_combined,Sikkim,By2011,2050,0.5783218509844728,6.768766378907652
tight_combined,Tamil Nadu,Pre2001,2030,0.39977602046707816,5.95715985281295
tight_combined,Tamil Nadu,Pre2001,2040,0.5191722953112607,11.556956957765745
tight_combined,Tamil Nadu,Pre2001,2050,0.5573120797299642,8.081910945724122
tight_combined,Telangana,By2011,2030,0.44309879475516345,3.249600643336551
tight_combined,Telangana,By2011,2040,0.5471695849857214,5.1006829367603554
tight_combined,Telangana,By2011,2050,0.5790348199049276,2.680853291568302
tight_combined,Tripura,By2016,2030,0.48209217412069116,4.465472783468483
tight_combined,Tripura,By2016,2040,0.5310105433973389,2.5098691955316528
tight_combined,Tripura,By2016,2050,0.5738099977457516,3.119040344778289
tight_combined,Uttar Pradesh,NotYet,2030,0.5819555221004484,3.5681809688007213
tight_combined,Uttar Pradesh,NotYet,2040,0.7201524134078836,4.183469148070137
tight_combined,Uttar Pradesh,NotYet,2050,0.7413654973027037,1.9491327367025781
tight_combined,Uttarakhand,By2016,2030,0.4458659386127697,2.709636746782926
tight_combined,Uttarakhand,By2016,2040,0.556260713181109,2.821623530879933
tight_combined,Uttarakhand,By2016,2050,0.5984130894535329,3.1034634015992513
tight_combined,West Bengal,By2011,2030,0.39454609433742616,0.6414551239460051
tight_combined,West Bengal,By2011,2040,0.4979991892782043,0.05780228298279635
tight_combined,West Bengal,By2011,2050,0.5501466564304629,4.768026398713395
floor_low,Andaman & Nicobar Islands,By2011,2030,0.4462966498355234,0.6873150915898806
floor_low,Andaman & Nicobar Islands,By2011,2040,0.5012629513205176,-0.6423162392531055
floor_low,Andaman & Nicobar Islands,By2011,2050,0.5136469911904643,-5.9981328417788085
floor_low,Andhra Pradesh,By2011,2030,0.42750940112395663,-0.41787020037428396
floor_low,Andhra Pradesh,By2011,2040,0.5086713390752966,-4.619665538245211
floor_low,Andhra Pradesh,By2011,2050,0.5598727781403595,0.5953372070624324
floor_low,Arunachal Pradesh,By2016,2030,0.5511226782878291,-1.5189838627753351
floor_low,Arunachal Pradesh,By2016,2040,0.6080846938346858,-2.2839531531955277
floor_low,Arunachal Pradesh,By2016,2050,0.6166285777222897,-0.452444633518865
floor_low,Assam,By2021,2030,0.4615455855067252,2.0769269159079093
floor_low,Assam,By2021,2040,0.5654868977231324,-1.738958075409783
floor_low,Assam,By2021,2050,0.6172052679427948,-0.795201503035476
floor_low,Bihar,NotYet,2030,0.611205436586225,-3.2827828544491773
floor_low,Bihar,NotYet,2040,0.7709568452491002,2.304416779186583
floor_low,Bihar,NotYet,2050,0.8096992672626828,2.7625589652475897
floor_low,Chandigarh,By2011,2030,0.5181061103635294,-3.3147695066939176
floor_low,Chandigarh,By2011,2040,0.5500618698090762,-3.1548515985370695
floor_low,Chandigarh,By2011,2050,0.5568748303558497,-3.2665637419264724
floor_low,Chhattisgarh,By2021,2030,0.4953193679284287,2.2173920635794127
floor_low,Chhattisgarh,By2021,2040,0.6029002124122,-3.4857162158494206
floor_low,Chhattisgarh,By2021,2050,0.6605249808069025,-1.775642044506001
floor_low,Dadra & Nagar Haveli and Daman & Diu,By2021,2030,0.5705564939382008,-2.164908494250326
floor_low,Dadra & Nagar Haveli and Daman & Diu,By2021,2040,0.627533239591463,-2.387459115298488
floor_low,Dadra & Nagar Haveli and Daman & Diu,By2021,2050,0.6542841964189805,-1.3914881081972474
floor_low,Delhi,By2016,2030,0.33646937924883025,0.16981924193390585
floor_low,Delhi,By2016,2040,0.4445267095884322,1.5829725211244163
floor_low,Delhi,By2016,2050,0.4851109608611781,-2.2857616019988956
floor_low,Goa,Pre2001,2030,0.4680358559410229,0.24149546530346894
floor_low,Goa,Pre2001,2040,0.5198448266241104,-0.5867961620878366
floor_low,Goa,Pre2001,2050,0.5508122612847675,-1.364667812738391
floor_low,Gujarat,By2016,2030,0.4595827062995663,-0.12474004364075408
floor_low,Gujarat,By2016,2040,0.5579377821117322,-2.802797994064754
floor_low,Gujarat,By2016,2050,0.6041783632230135,-0.5955046870327869
floor_low,Haryana,By2016,2030,0.45756438733105975,-4.8853421719525745
floor_low,Haryana,By2016,2040,0.5665538537490586,-5.671732536576795
floor_low,Haryana,By2016,2050,0.6033581720342853,-3.5177678966071935
floor_low,Himachal Pradesh,By2011,2030,0.42030353569476064,-3.3768935627999173
floor_low,Himachal Pradesh,By2011,2040,0.5242428512558641,-1.5156297588307948
floor_low,Himachal Pradesh,By2011,2050,0.5496336970610932,-2.587184081099756
floor_low,Jammu & Kashmir,By2016,2030,0.3829026542516405,0.7008057327768493
floor_low,Jammu & Kashmir,By2016,2040,0.4911341638774569,-1.9436436547415763
floor_low,Jammu & Kashmir,By2016,2050,0.5294854548965255,-1.9441500892382904
floor_low,Jharkhand,NotYet,2030,0.48340681343192315,-1.793225432174447
floor_low,Jharkhand,NotYet,2040,0.6021052160631932,-4.405415645611782
floor_low,Jharkhand,NotYet,2050,0.6595060064951186,-2.41287473204158
floor_low,Karnataka,By2011,2030,0.4242341677870116,-3.776732665433164
floor_low,Karnataka,By2011,2040,0.5208338928939451,-0.8310959228188616
floor_low,Karnataka,By2011,2050,0.5504281069706651,-0.9503158768674757
floor_low,Kerala,Pre2001,2030,0.3900614926579642,-3.684838218955365
floor_low,Kerala,Pre2001,2040,0.5065558562534962,1.0158881165183038
floor_low,Kerala,Pre2001,2050,0.543643226933906,-0.7989411576208398
floor_low,Ladakh,By2016,2030,0.3910164450431455,1.4960762509660863
floor_low,Ladakh,By2016,2040,0.4651330534631847,-1.942712269879706
floor_low,Ladakh,By2016,2050,0.5005066410121691,-2.9536124263259613
floor_low,Lakshadweep,By2011,2030,0.5459235160463269,1.4067753053237593
floor_low,Lakshadweep,By2011,2040,0.5716938436134307,-4.853950335321488
floor_low,Lakshadweep,By2011,2050,0.5809768156591735,-1.8583810233550793
floor_low,Madhya Pradesh,By2021,2030,0.5273856813121172,-2.2263207201996464
floor_low,Madhya Pradesh,By2021,2040,0.649576348126911,-4.417801101636617
floor_low,Madhya Pradesh,By2021,2050,0.6938043421810596,-2.1379010737034245
floor_low,Maharashtra,By2016,2030,0.37497219570882656,1.1139976571968084
floor_low,Maharashtra,By2016,2040,0.4890738874965044,-0.0837588826612448
floor_low,Maharashtra,By2016,2050,0.5226206795310275,-2.8523883645199026
floor_low,Manipur,NotYet,2030,0.476715768462465,-2.405378056964478
floor_low,Manipur,NotYet,2040,0.5270259822432206,-3.5172516387717763
floor_low,Manipur,NotYet,2050,0.5638670095595217,-2.2046073506277764
floor_low,Meghalaya,NotYet,2030,0.6728841250685713,-3.540314488079489
floor_low,Meghalaya,NotYet,2040,0.7286240515881,-1.9580893637710255
floor_low,Meghalaya,NotYet,2050,0.7654625492923148,0.8873031272677859
floor_low,Mizoram,By2021,2030,0.48796038763159055,0.6098586156018554
floor_low,Mizoram,By2021,2040,0.5442483263308702,-1.294333417692299
floor_low,Mizoram,By2021,2050,0.564612487776043,-4.135460566433041
floor_low,Nagaland,By2021,2030,0.5001005665659937,-2.6258467751581818
floor_low,Nagaland,By2021,2040,0.5588320366507218,-0.4825779922153159
floor_low,Nagaland,By2021,2050,0.5882550104797855,1.8668419578636863
floor_low,Odisha,By2016,2030,0.4249076777108616,-0.2561742275996618
floor_low,Odisha,By2016,2040,0.5247039200711106,-1.3248150368337357
floor_low,Odisha,By2016,2050,0.5749817304336744,-0.6141244326662646
floor_low,Puducherry,Pre2001,2030,0.5037845898259148,-4.577466027987712
floor_low,Puducherry,Pre2001,2040,0.5553336737757828,-1.6387299405293436
floor_low,Puducherry,Pre2001,2050,0.5634867730651675,-3.8926979394499996
floor_low,Punjab,By2011,2030,0.4151444015769128,0.6696676138958744
floor_low,Punjab,By2011,2040,0.5156259104992269,-0.13569001074084205
floor_low,Punjab,By2011,2050,0.5365279157819107,-2.6960123451950406
floor_low,Rajasthan,By2021,2030,0.5171522035584957,-3.6324146667788617
floor_low,Rajasthan,By2021,2040,0.6335735079692499,-2.4875784100317073
floor_low,Rajasthan,By2021,2050,0.6881722026670207,-1.227863685117142
floor_low,Sikkim,By2011,2030,0.4348265733313521,-1.8303787218711949
floor_low,Sikkim,By2011,2040,0.4938385977236861,-3.0158381125028293
floor_low,Sikkim,By2011,2050,0.5188904427411507,-4.2033560326854476
floor_low,Tamil Nadu,Pre2001,2030,0.37466244663117676,-0.6989746354364721
floor_low,Tamil Nadu,Pre2001,2040,0.48126601816541714,3.4118595283030184
floor_low,Tamil Nadu,Pre2001,2050,0.5217814677367296,1.1913076715934614
floor_low,Telangana,By2011,2030,0.4211480411408226,-1.8653005284287287
floor_low,Telangana,By2011,2040,0.5215916544161712,0.18765771618102844
floor_low,Telangana,By2011,2050,0.5607244750974791,-0.566139400857933
floor_low,Tripura,By2016,2030,0.45877401263730055,-0.5873841069108023
floor_low,Tripura,By2016,2040,0.5137785473156657,-0.8167119548325266
floor_low,Tripura,By2016,2050,0.537928022047111,-3.329287349501362
floor_low,Uttar Pradesh,NotYet,2030,0.5692969408065913,1.3153864020981156
floor_low,Uttar Pradesh,NotYet,2040,0.6981204677426294,0.9961375655431582
floor_low,Uttar Pradesh,NotYet,2050,0.7418005411966457,2.008957948222606
floor_low,Uttarakhand,By2016,2030,0.42515659793112737,-2.0609650742370427
floor_low,Uttarakhand,By2016,2040,0.5355269860347864,-1.0108878015122673
floor_low,Uttarakhand,By2016,2050,0.5691784621445675,-1.9335108557015892
floor_low,West Bengal,By2011,2030,0.3738519332655954,-4.637244913209079
floor_low,West Bengal,By2011,2040,0.47323143787294875,-4.918524639743767
floor_low,West Bengal,By2011,2050,0.5039666806407348,-4.0263284629919465
floor_high,Andaman & Nicobar Islands,By2011,2030,0.44412357896724663,0.19705671454139673
floor_high,Andaman & Nicobar Islands,By2011,2040,0.5020934428954766,-0.47770060378000706
floor_high,Andaman & Nicobar Islands,By2011,2050,0.5332959524202643,-2.402202027427363
floor_high,Andhra Pradesh,By2011,2030,0.4257347852217719,-0.8312412997026977
floor_high,Andhra Pradesh,By2011,2040,0.5339001421791292,0.11095616827304937
floor_high,Andhra Pradesh,By2011,2050,0.5607505479097135,0.7530507973384516
floor_high,Arunachal Pradesh,By2016,2030,0.5522479027745644,-1.3179156520088375
floor_high,Arunachal Pradesh,By2016,2040,0.6040120661473882,-2.9384032354233005
floor_high,Arunachal Pradesh,By2016,2050,0.6176527668271821,-0.2871011426258218
floor_high,Assam,By2021,2030,0.46943726203978864,3.822275834856165
floor_high,Assam,By2021,2040,0.5757544690014589,0.04517212443318707
floor_high,Assam,By2021,2050,0.6436265742675651,3.451554813079348
floor_high,Bihar,NotYet,2030,0.6121794162990706,-3.1286601949571544
floor_high,Bihar,NotYet,2040,0.7518613528014972,-0.2295165142290606
floor_high,Bihar,NotYet,2050,0.7859917080292629,-0.2462735138560968
floor_high,Chandigarh,By2011,2030,0.5277173199359801,-1.5211948040526868
floor_high,Chandigarh,By2011,2040,0.5822574283770947,2.513571934382923
floor_high,Chandigarh,By2011,2050,0.5978458080018461,3.8504098372481663
floor_high,Chhattisgarh,By2021,2030,0.5040988346281206,4.029181078623976
floor_high,Chhattisgarh,By2021,2040,0.6160123359961613,-1.3866835889873272
floor_high,Chhattisgarh,By2021,2050,0.6674740783808737,-0.7422660672044761
floor_high,Dadra & Nagar Haveli and Daman & Diu,By2021,2030,0.5756328418514516,-1.2944513740800307
floor_high,Dadra & Nagar Haveli and Daman & Diu,By2021,2040,0.6430864480957692,0.03183615900960617
floor_high,Dadra & Nagar Haveli and Daman & Diu,By2021,2050,0.6594088696222731,-0.6191381091077401
floor_high,Delhi,By2016,2030,0.3458678425986199,2.9678223678116504
floor_high,Delhi,By2016,2040,0.4327748817852527,-1.102548000035368
floor_high,Delhi,By2016,2050,0.4978596730583922,0.282167806758713
floor_high,Goa,Pre2001,2030,0.4880604850509169,4.530266811844838
floor_high,Goa,Pre2001,2040,0.5369883372479363,2.691665465031822
floor_high,Goa,Pre2001,2050,0.558331709203611,-0.01814142712386313
floor_high,Gujarat,By2016,2030,0.472362551446013,2.6525410391931166
floor_high,Gujarat,By2016,2040,0.5731902955881203,-0.14568875896036212
floor_high,Gujarat,By2016,2050,0.6128556620316106,0.8321573433435157
floor_high,Haryana,By2016,2030,0.47834400113111575,-0.565849853243583
floor_high,Haryana,By2016,2040,0.5953867736223535,-0.8712014669138967
floor_high,Haryana,By2016,2050,0.6224610698201136,-0.4630479915042217
floor_high,Himachal Pradesh,By2011,2030,0.4328337488572649,-0.4963369715255763
floor_high,Himachal Pradesh,By2011,2040,0.5407315988777874,1.5819497727175236
floor_high,Himachal Pradesh,By2011,2050,0.5732865261068107,1.6048599913647328
floor_high,Jammu & Kashmir,By2016,2030,0.38764455279613963,1.9478929462813215
floor_high,Jammu & Kashmir,By2016,2040,0.48660698721961215,-2.847507568615673
floor_high,Jammu & Kashmir,By2016,2050,0.5352605175267342,-0.8746614578581255
floor_high,Jharkhand,NotYet,2030,0.4832203108973536,-1.8311144562011585
floor_high,Jharkhand,NotYet,2040,0.6065106890671004,-3.705970848493828
floor_high,Jharkhand,NotYet,2050,0.6464276368794428,-4.348081510169777
floor_high,Karnataka,By2011,2030,0.4439422415411758,0.6933817041580693
floor_high,Karnataka,By2011,2040,0.5421890068840598,3.235005150358001
floor_high,Karnataka,By2011,2050,0.5783057856473186,4.066279809362397
floor_high,Kerala,Pre2001,2030,0.4147190248909114,2.4036741075359904
floor_high,Kerala,Pre2001,2040,0.5180161742994642,3.301271241043641
floor_high,Kerala,Pre2001,2050,0.54585161778059,-0.3959660087085078
floor_high,Ladakh,By2016,2030,0.39060606151775645,1.3895530647598675
floor_high,Ladakh,By2016,2040,0.47983544143591905,1.156779965789552
floor_high,Ladakh,By2016,2050,0.5210631246152475,1.0322137574423291
floor_high,Lakshadweep,By2011,2030,0.5633137591092943,4.6370601693332505
floor_high,Lakshadweep,By2011,2040,0.5930156031524032,-1.3054055771498891
floor_high,Lakshadweep,By2011,2050,0.5951513541695475,0.5360555878142566
floor_high,Madhya Pradesh,By2021,2030,0.5427722604535752,0.6262452623414076
floor_high,Madhya Pradesh,By2021,2040,0.6596244925179067,-2.9392624533175145
floor_high,Madhya Pradesh,By2021,2050,0.6930205074353124,-2.248462090356964
floor_high,Maharashtra,By2016,2030,0.37683838224863164,1.617228519573257
floor_high,Maharashtra,By2016,2040,0.4900062575282067,0.10672135208409507
floor_high,Maharashtra,By2016,2050,0.5331438415051886,-0.8962850324427896
floor_high,Manipur,NotYet,2030,0.4707754801853514,-3.6214909422322776
floor_high,Manipur,NotYet,2040,0.5341488581369072,-2.213265373173089
floor_high,Manipur,NotYet,2050,0.5701528927028718,-1.1144027461196941
floor_high,Meghalaya,NotYet,2030,0.6833763338278613,-2.0362291343889165
floor_high,Meghalaya,NotYet,2040,0.7542994498965054,1.4967308566371196
floor_high,Meghalaya,NotYet,2050,0.7716244623014099,1.699437941919614
floor_high,Mizoram,By2021,2030,0.4801785957600193,-0.9946260922140786
floor_high,Mizoram,By2021,2040,0.5451961703238624,-1.122431055079514
floor_high,Mizoram,By2021,2050,0.5840832200104245,-0.8295599381358095
floor_high,Nagaland,By2021,2030,0.5114552577232176,-0.414984579667384
floor_high,Nagaland,By2021,2040,0.556425004012608,-0.9112250044183777
floor_high,Nagaland,By2021,2050,0.5971694094550231,3.4105290584958294
floor_high,Odisha,By2016,2030,0.4240588303396611,-0.45543465225594826
floor_high,Odisha,By2016,2040,0.5443941895805313,2.378113246136534
floor_high,Odisha,By2016,2050,0.5885064563479181,1.7236311092037235
floor_high,Puducherry,Pre2001,2030,0.5133389451039787,-2.7677624175283846
floor_high,Puducherry,Pre2001,2040,0.5698219592501697,0.9274500473606992
floor_high,Puducherry,Pre2001,2050,0.5812162899253676,-0.8687830691824026
floor_high,Punjab,By2011,2030,0.4317293681680412,4.691408164351403
floor_high,Punjab,By2011,2040,0.522917920180098,1.276596494625298
floor_high,Punjab,By2011,2050,0.5607893731384184,1.7040132222812938
floor_high,Rajasthan,By2021,2030,0.5139228366233815,-4.234183916818809
floor_high,Rajasthan,By2021,2040,0.6429571818889759,-1.0433501463595518
floor_high,Rajasthan,By2021,2050,0.6846444431520309,-1.7341967545876924
floor_high,Sikkim,By2011,2030,0.46740298488567744,5.524309747114314
floor_high,Sikkim,By2011,2040,0.5217320198894888,2.4621058622979084
floor_high,Sikkim,By2011,2050,0.5395341436478372,-0.39215215797444797
floor_high,Tamil Nadu,Pre2001,2030,0.3771459128597041,-0.04075349486457245
floor_high,Tamil Nadu,Pre2001,2040,0.4794813040795567,3.0283697422409808
floor_high,Tamil Nadu,Pre2001,2050,0.5304585552338744,2.8740922948678613
floor_high,Telangana,By2011,2030,0.44026782383627316,2.5899359810351528
floor_high,Telangana,By2011,2040,0.5260633748228354,1.0465886245116167
floor_high,Telangana,By2011,2050,0.5651803153613228,0.22401943708124594
floor_high,Tripura,By2016,2030,0.4778698439862432,3.5505280126940773
floor_high,Tripura,By2016,2040,0.5328555109500759,2.866034218717551
floor_high,Tripura,By2016,2050,0.5541079063717719,-0.42161032922779057
floor_high,Uttar Pradesh,NotYet,2030,0.5569550434474597,-0.8810492543166664
floor_high,Uttar Pradesh,NotYet,2040,0.6987953354395888,1.0937697564185394
floor_high,Uttar Pradesh,NotYet,2050,0.7255501186640481,-0.22572452598330653
floor_high,Uttarakhand,By2016,2030,0.43092284626576394,-0.7326526364559927
floor_high,Uttarakhand,By2016,2040,0.5500543165688796,1.6744064781124255
floor_high,Uttarakhand,By2016,2050,0.6053167390150889,4.292926320195093
floor_high,West Bengal,By2011,2030,0.3920339364050496,6.498202206613139e-4
floor_high,West Bengal,By2011,2040,0.5003854108159936,0.53724098081999
floor_high,West Bengal,By2011,2050,0.5459029754336596,3.959874467761868
