year,median,q5,q95,q25,q75,q2.5,q97.5
1971,5.022576557958806,4.986727875184471,5.094520303459761,5.006053749042655,5.048891364110755,4.976022295008176,5.111956481336452
1972,5.022576557958806,4.986727875184471,5.094520303459761,5.006053749042655,5.048891364110755,4.976022295008176,5.111956481336452
1973,4.954150907971057,4.8952986921040305,5.02306466204378,4.929295339847435,4.979647825333954,4.884408912395597,5.037463714152186
1974,4.877301121894769,4.812230740288225,4.945633238898173,4.849621173824332,4.90333116867264,4.800409104528881,4.961099376663334
1975,4.805427412390237,4.7391728531236375,4.870404156271257,4.777939560163573,4.830718412109456,4.727136289713399,4.88415825112174
1976,4.7310807400592925,4.669765141847001,4.796539862548385,4.706126604836008,4.757243573057782,4.658196721089154,4.811337466322271
1977,4.659113903027442,4.596172988043638,4.722702260739617,4.632821232703415,4.685846046259636,4.585176533196975,4.7357102065889265
1978,4.59936735677372,4.538018854560013,4.662767875675469,4.573508588512047,4.625359799684514,4.526195775767138,4.67669089754757
1979,4.551949066168406,4.4892701027876685,4.6139577741790605,4.5267205373832695,4.576439253044805,4.476977929794699,4.625752996685172
1980,4.509429792246729,4.452667112178613,4.572394592669673,4.486028677853893,4.535251447215958,4.440786155403834,4.584475217185363
1981,4.478625181581281,4.417880368188587,4.539973764798277,4.453591469258499,4.50420081925912,4.4076027041096175,4.552470483672799
1982,4.4471813911091616,4.388858380242448,4.506682565367867,4.42225326755798,4.471732264216971,4.377072762709425,4.521002458084309
1983,4.3943651972934354,4.333361140590178,4.4583404177122645,4.3701036804156965,4.420207376302133,4.322709112625849,4.472073652038034
1984,4.323728356499188,4.260203545148148,4.389180034352824,4.29900993579006,4.349472900877122,4.249330643075806,4.403602251506547
1985,4.236442642090394,4.17684676480069,4.300080314494266,4.212372379360394,4.261250100183576,4.164520242468166,4.312169845304343
1986,4.143871751742649,4.085951807313589,4.2050579791689495,4.1199846015714705,4.169349159862844,4.076418164416954,4.21587863228884
1987,4.056906667281607,3.999421930540317,4.117323850859333,4.033121434210951,4.081106545844777,3.9891907988003767,4.126831107136282
1988,3.9708213546163496,3.916612225268455,4.027201113159764,3.9484639845608647,3.993406768299425,3.90655360819337,4.038463546697454
1989,3.8821972451550297,3.8261442486794555,3.939157625009826,3.859764515840936,3.9053756876315,3.8162068781942478,3.9494566275774177
1990,3.792627217289365,3.736786069506814,3.8477228691327543,3.7692361198987325,3.8151704945828713,3.7270963124821823,3.8592236057470823
1991,3.7057404652444332,3.650026628394118,3.7600861774579677,3.6820889124287772,3.7278578571678525,3.6382283741943127,3.7709215257200452
1992,3.6334857748738356,3.5795939139685897,3.6876845193473637,3.6121230979099797,3.655828529007366,3.5692176517395016,3.699719507226751
1993,3.573903517621264,3.5226099619854514,3.6244720583298378,3.5527115075289393,3.5955630662048454,3.5151091167383193,3.6358916241154273
1994,3.516162102362279,3.4655263105233836,3.568129265955808,3.4951063389249915,3.537558006902335,3.4554951338530624,3.578084699103979
1995,3.455045350050435,3.4050442195567507,3.507093763260916,3.435167296520432,3.476781579158596,3.396224707187388,3.5155802939820746
1996,3.391280416198655,3.3417097113568834,3.4423674618460343,3.369977104110494,3.4111139361138685,3.3328267419816853,3.452450027680156
1997,3.322403364528817,3.2751772513074364,3.37158665716972,3.3020872413541773,3.3426890276222654,3.267647781378554,3.3818204587334555
1998,3.2717456627321333,3.2239755099223966,3.3213204409943424,3.251457578763328,3.2927211577855897,3.216021934450657,3.33103094956866
1999,3.2271412618428497,3.1808867095260114,3.2749770700763414,3.2078186576158867,3.2469323267852586,3.171331436898901,3.284084885314734
2000,3.1812435244243424,3.135778465173775,3.228223352926847,3.1627179038550315,3.2004920385079494,3.1273461668939087,3.237730706398406
2001,3.1280657343429397,3.0822896932895727,3.175033248500178,3.1089375908911814,3.1473220885614315,3.072838560428082,3.1836813835389606
2002,3.068554521895591,3.0242164359585377,3.113491752615421,3.050056339440949,3.08748217652623,3.0156799361699935,3.1224096400840216
2003,3.0108895522273516,2.966900752895101,3.0550493332673145,2.992115583574855,3.0288448077657257,2.959243609672946,3.0635371010678094
2004,2.920878833313229,2.880468120325221,2.963146499504271,2.9040269154678295,2.9370205089890753,2.8732130224741987,2.971301069787355
2005,2.843778273215899,2.804699135434195,2.8841404110694198,2.8275943015569904,2.8603408301552222,2.7978528283711457,2.8923520518407946
2006,2.7739636242554457,2.7362524435268325,2.813368922092505,2.758438098471425,2.7906367148363707,2.7300468026230784,2.821556589071379
2007,2.7035167929741615,2.6668098093269403,2.7430656957194954,2.68848329195652,2.7202404846828045,2.6590032752581996,2.748925680594569
2008,2.6367626204970556,2.600629517586754,2.6729596904698005,2.621404900855273,2.651866973126533,2.5946126614824565,2.6802587392145196
2009,2.5717252041537786,2.5368808103209233,2.6079718124327624,2.557496244181299,2.586323319655041,2.530585448195855,2.6155846844075428
2010,2.5090639945394093,2.4749818510515182,2.542616234508249,2.4949694355950562,2.522426594920631,2.4687922771064628,2.5502756960528634
2011,2.4481590358436978,2.4139277146882425,2.4828431400102686,2.433849999136103,2.461840712913138,2.407798244736634,2.4888418859193195
2012,2.3938613076506803,2.360850106880685,2.4263885001371523,2.3796294712640886,2.4069263829888268,2.355010004941007,2.4326031910170913
2013,2.343493623863721,2.312383807838412,2.375728565800671,2.330108028204819,2.3570631974791354,2.3059020531787264,2.3822820247456664
2014,2.3028329221445167,2.2714375821226613,2.334177961482525,2.2898333444677528,2.315624975375947,2.266844052548199,2.340008393774113
2015,2.2623577698969615,2.233028842459118,2.293981805807414,2.249881399970616,2.2749507745572135,2.2278351735279984,2.2990712036712337
2016,2.22402924073229,2.1943881650628523,2.2542680537371322,2.2120711378024693,2.2364389516018384,2.188853728075449,2.259261082387205
2017,2.1786299997787744,2.1502543477544944,2.206729542746147,2.1662987854847775,2.190414659742104,2.1442777179103345,2.213074183195614
2018,2.1318779038775686,2.103659740623146,2.1600952620405924,2.1204718291852367,2.1435296549016836,2.0990224309158534,2.16561711873349
2019,2.087226134297908,2.059331456438171,2.1143828086184384,2.0761141255709856,2.0985416126827534,2.0543577491465035,2.1199345968914414
2020,2.0407480786669945,2.012299924758593,2.069118981071483,2.028936413027364,2.0523994479719714,2.007780476993637,2.0750834091683212
2021,2.0055581290721616,1.9778236874799215,2.0340287448007874,1.9941959246423686,2.016932898666213,1.9731318430908504,2.039190394384301
2022,1.9711573909632332,1.9424404728953737,2.0003262594759583,1.9594048853094184,1.9835411988444576,1.9378166411067623,2.005795278427145
2023,1.9365126420373495,1.903026131081505,1.9699394362084304,1.9226910243229673,1.9495725153840635,1.8960959256831316,1.976748783371761
2024,1.9137245852234246,1.8724562179033588,1.9550363955415437,1.8965885355887906,1.9309778014428098,1.8633351437373946,1.9637856641843536
2025,1.890764563551768,1.843648108517409,1.9390432688482993,1.8717571780779585,1.9104192888091125,1.8330153801390037,1.949507906665929
2026,1.8690339754479655,1.816448931839979,1.9233279944652537,1.8471351861829084,1.8907941700833288,1.8038769515844935,1.9332602899333684
2027,1.8476736710753219,1.7915170739411101,1.9072194263639188,1.8245475847374384,1.8721812981166284,1.7806750841725827,1.9187817663123274
2028,1.8272493640532228,1.7675361326746288,1.891770959403931,1.8023074116721396,1.8535462130371512,1.7569604143492747,1.9033136650390257
2029,1.8071450702887388,1.7445543299393196,1.876736004667033,1.7799979242501354,1.8355780205628873,1.733069108027911,1.8884448611470175
2030,1.7875746435043691,1.7218660096054443,1.8599332776349422,1.7597343377235688,1.817304269177392,1.7116431913162404,1.8710991302824582
2031,1.768711276907941,1.701599671310871,1.8445010234793777,1.739447165635342,1.8006535517299262,1.6895019472221255,1.8605751785206064
2032,1.7513266076422416,1.6791355018537317,1.8305140332333372,1.7210051874562309,1.7829770104107459,1.6663350474909886,1.8442596248663112
2033,1.7331839381195113,1.6591997148768527,1.8160770285588363,1.7020312983873107,1.7660392305663337,1.6472533526413833,1.830094763171229
2034,1.715731638294463,1.6403826566111683,1.7995393890143787,1.6836351326154748,1.74933956679678,1.628570787443935,1.8156662064566607
2035,1.699296447014628,1.6202029979332708,1.7856295431978222,1.6661927037008355,1.7333637900713472,1.608479310536192,1.8025702834628905
2036,1.6829288339706503,1.6039488943633051,1.7716572638314692,1.6489646881970088,1.7174174440840682,1.5880316686733353,1.7886662274439697
2037,1.667325547688493,1.5861365911430167,1.755567708983703,1.6322001224738127,1.702460815973501,1.5699766534516384,1.7735071297677494
2038,1.6513930985209506,1.5670451931768468,1.7432142627770746,1.615432018732783,1.687771967314414,1.5528207624626662,1.7594841125095828
2039,1.6368089228051956,1.549829980798905,1.7280250678164741,1.5998647967088515,1.6729948879374665,1.534275454334386,1.7476422463335681
2040,1.621108637541303,1.534055204806654,1.7157644795311733,1.5843753158392568,1.6593864116847943,1.5175605224735813,1.7348748654765482
2041,1.6060752691636941,1.518258128561567,1.7031391304189198,1.570159350996714,1.6451064671477722,1.5019932852328215,1.7226912091993924
2042,1.592903762263929,1.5024954780887534,1.6895577116704306,1.5558419519483853,1.6323669650314825,1.4841508565286627,1.7110095320098877
2043,1.579506660550669,1.4881856711571244,1.6786992746780978,1.5415471031752075,1.619309087451958,1.471081720021235,1.6994826640294025
2044,1.5665703781001015,1.4735663531736283,1.6669867555903892,1.527592967616076,1.6061979373169484,1.454998203042647,1.6877164807635725
2045,1.5523469176811178,1.459605779603955,1.653458864111627,1.5144972287045566,1.593584085951474,1.4436739182797207,1.6758408746197286
2046,1.5401700666975593,1.44650075007162,1.643850393684442,1.5019709003788402,1.5813117193769375,1.4303673861657888,1.663650528753672
2047,1.527952245175903,1.431061509301755,1.6313349646160495,1.4891050932535927,1.5683228820309258,1.4152375863052895,1.654646449318644
2048,1.5168774317680385,1.4182825655319011,1.6216877860335979,1.476594954538872,1.5573422592901134,1.4009602008254476,1.6404134715001952
2049,1.5048565401962306,1.4053072907324113,1.6099611301321772,1.4645336867914789,1.546352635922066,1.3868016063356507,1.6317940710498557
2050,1.492661019283142,1.3943077512481747,1.5996976013285935,1.4525537140285842,1.5350072183219774,1.3739646786828619,1.6224214049535512
